110001,"1137 Gilliland Rd","Louisville","KY","40245"
110002,"4609 Glen Rose Rd","Louisville","KY","40229"
110003,"4630 Glen Rose Rd","Louisville","KY","40229"
110004,"4701 Glen Rose Rd","Louisville","KY","40229"
110005,"4621 Glen Rose Rd","Louisville","KY","40229"
110006,"744 S 43rd St","Louisville","KY","40211"
110007,"740 S 43rd St","Louisville","KY","40211"
110008,"910 S 43rd St","Louisville","KY","40211"
110009,"2517 Coronet Dr","Louisville","KY","40216"
110010,"913 S 44th St","Louisville","KY","40211"
110011,"742 S 43rd St","Louisville","KY","40211"
110012,"2517 Legene Dr","Louisville","KY","40216"
110013,"2409 Determine Ct","Louisville","KY","40216"
110014,"752 S 43rd St","Louisville","KY","40211"
110015,"2513 Coronet Dr","Louisville","KY","40216"
110016,"2415 Adrienne Way","Louisville","KY","40216"
110017,"2406 Adrienne Way","Louisville","KY","40216"
110018,"2525 Legene Dr","Louisville","KY","40216"
110019,"2411 Determine Ct","Louisville","KY","40216"
110020,"2412 Determine Ct","Louisville","KY","40216"
110021,"2515 Adrienne Way","Louisville","KY","40216"
110022,"2512 Wilkerson Ave","Louisville","KY","40216"
110023,"2414 Adrienne Way","Louisville","KY","40216"
110024,"2527 Legene Dr","Louisville","KY","40216"
110025,"2524 Adrienne Way","Louisville","KY","40216"
110026,"8506 Smithton Rd","Louisville","KY","40219"
110027,"223 S 23rd St","Louisville","KY","40212"
110028,"2237 W Jefferson St","Louisville","KY","40212"
110029,"2315 Cedar St","Louisville","KY","40212"
110030,"2227 W Jefferson St","Louisville","KY","40212"
110031,"2245 W Jefferson St","Louisville","KY","40212"
110032,"2222 W Main St","Louisville","KY","40212"
110033,"2209 Cedar St","Louisville","KY","40212"
110034,"2210 Green Aly","Louisville","KY","40212"
110035,"3435 Powell Ave","Louisville","KY","40215"
110036,"5716 Elmer Ln","Louisville","KY","40214"
110037,"7711 Lesane Dr","Louisville","KY","40214"
110038,"1455 S 3rd St","Apt C2","Louisville",
110039,"1455 S 3rd St","Apt D3","Louisville",
110040,"1415 S 4th St","Louisville","KY","40208"
110041,"1453 S 3rd St","Apt 31","Louisville",
110042,"1445 S 3rd St","Apt 1","Louisville",
110043,"1455 S 3rd St","Apt A2","Louisville",
110044,"1453 S 3rd St","Apt 33","Louisville",
110045,"8124 Watterson Trl","Louisville","KY","40299"
110046,"8122 Watterson Trl","Louisville","KY","40299"
110047,"1552 Louis Coleman Jr Dr","Louisville","KY","40211"
110048,"3423 Young Ave","Louisville","KY","40211"
110049,"3412 Chauncey Ave","Louisville","KY","40211"
110050,"1523 S 35th St","Louisville","KY","40211"
110051,"3418 Chauncey Ave","Louisville","KY","40211"
110052,"3403 Niantic Ct","Louisville","KY","40211"
110053,"3420 Chauncey Ave","Louisville","KY","40211"
110054,"3409 Chauncey Ave","Louisville","KY","40211"
110055,"1515 Pawtuket Ct","Louisville","KY","40211"
110056,"3404 Swansea Ct","Louisville","KY","40211"
110057,"3302 Young Ave","Louisville","KY","40211"
110058,"1543 S 35th St","Louisville","KY","40211"
110059,"3504 Chauncey Ave","Louisville","KY","40211"
110060,"3400 Swansea Ct","Louisville","KY","40211"
110061,"3417 Chauncey Ave","Louisville","KY","40211"
110062,"3514 Chauncey Ave","Louisville","KY","40211"
110063,"3411 Chauncey Ave","Louisville","KY","40211"
110064,"3404 Chauncey Ave","Louisville","KY","40211"
110065,"1519 S 35th St","Louisville","KY","40211"
110066,"5500 Littleridge Dr","Louisville","KY","40229"
110067,"10206 Arbor Oak Dr","Louisville","KY","40229"
110068,"9406 Moonridge Pl","Louisville","KY","40229"
110069,"112 W Burnett Ave","Apt 3","Louisville",
110070,"1450 S 2nd St","# 3","Louisville",
110071,"115 W Burnett Ave","Apt 2","Louisville",
110072,"1403 S 2nd St","Apt 1","Louisville",
110073,"107 W Hill St","Apt 101","Louisville",
110074,"1403 S 2nd St","Apt 4","Louisville",
110075,"3020 Talisman Rd","Louisville","KY","40220"
110076,"3019 Talisman Rd","Louisville","KY","40220"
110077,"1381 S 3rd St","Apt 8","Louisville",
110078,"3601 Argyle Ln","Louisville","KY","40220"
110079,"1422 S 1st St","Apt 1","Louisville",
110080,"5502 Littleridge Dr","Louisville","KY","40229"
110081,"1393 S 3rd St","Apt 2","Louisville",
110082,"1403 S 2nd St","Apt 5","Louisville",
110083,"1392 S 2nd St","Louisville","KY","40208"
110084,"112 W Burnett Ave","Apt 1","Louisville",
110085,"116 W Burnett Ave","Apt 3","Louisville",
110086,"101 W Burnett Ave","Louisville","KY","40208"
110087,"1408 S 3rd St","Louisville","KY","40208"
110088,"1422 S 1st St","Apt 3","Louisville",
110089,"1420 S 2nd St","Louisville","KY","40208"
110090,"1401 S 3rd St","Apt 4","Louisville",
110091,"1381 S 3rd St","Apt 11","Louisville",
110092,"1428 S 1st St","Louisville","KY","40208"
110093,"1412 S 2nd St","Apt 2","Louisville",
110094,"1452 S 2nd St","Louisville","KY","40208"
110095,"116 W Burnett Ave","Apt 1","Louisville",
110096,"112 W Burnett Ave","Apt 2","Louisville",
110097,"1460 S 2nd St","Apt 1","Louisville",
110098,"1480 S 1st St","Louisville","KY","40208"
110099,"116 W Burnett Ave","Apt 2","Louisville",
110100,"1403 S 2nd St","Apt 3","Louisville",
110101,"742 Sutcliffe Ave","Louisville","KY","40211"
110102,"737 S 38th St","Louisville","KY","40211"
110103,"3804 W Broadway","Louisville","KY","40211"
110104,"728 Sutcliffe Ave","Louisville","KY","40211"
110105,"719 Dearborn Ave","Louisville","KY","40211"
110106,"11006 Pebble Creek Dr","Louisville","KY","40241"
110107,"6620 Daytona Ave","Louisville","KY","40216"
110108,"6609 Flagler Ave","Louisville","KY","40216"
110109,"3916 Terry Ct","Louisville","KY","40216"
110110,"6515 Daytona Ave","Louisville","KY","40216"
110111,"6603 Flagler Ave","Louisville","KY","40216"
110112,"6515 Huff Ln","Louisville","KY","40216"
110113,"6601 Huff Ln","Louisville","KY","40216"
110114,"6603 Huff Ln","Louisville","KY","40216"
110115,"6517 Huff Ln","Louisville","KY","40216"
110116,"6605 Huff Ln","Louisville","KY","40216"
110117,"1516 Pawtuket Ct","Louisville","KY","40211"
110118,"1513 Pawtuket Ct","Louisville","KY","40211"
110119,"7004 Betsy Ross Dr","Louisville","KY","40272"
110120,"6912 Watson Ln","Louisville","KY","40272"
110121,"5800 Coach Gate Wynde","Apt 288","Louisville",
110122,"5601 Coach Gate Wynde","Apt 3","Louisville",
110123,"5601 Coach Gate Wynde","Apt 33","Louisville",
110124,"5800 Coach Gate Wynde","Apt 321","Louisville",
110125,"5601 Coach Gate Wynde","Apt 24","Louisville",
110126,"5809 Creighton Hill Rd","Louisville","KY","40207"
110127,"5601 Coach Gate Wynde","Apt 23","Louisville",
110128,"5601 Coach Gate Wynde","Apt 22","Louisville",
110129,"5800 Coach Gate Wynde","Apt 322","Louisville",
110130,"5701 Coach Gate Wynde","Apt 37","Louisville",
110131,"6210 Applegate Ln","Louisville","KY","40219"
110132,"6209 Timmy Ct","Louisville","KY","40219"
110133,"7909 Maple Hill Rd","Louisville","KY","40219"
110134,"7911 Maple Hill Rd","Louisville","KY","40219"
110135,"6218 Applegate Ln","Louisville","KY","40219"
110136,"6204 Applegate Ln","Louisville","KY","40219"
110137,"6314 Applegate Ln","Louisville","KY","40219"
110138,"6111 Richiewayne Dr","Louisville","KY","40219"
110139,"6104 Princess Way","Louisville","KY","40219"
110140,"6504 Rod N Reel Ct","Louisville","KY","40229"
110141,"6513 Rod N Reel Ct","Louisville","KY","40229"
110142,"6509 Rod N Reel Ct","Louisville","KY","40229"
110143,"6512 Bluegill Blvd","Louisville","KY","40229"
110144,"6519 Rod N Reel Ct","Louisville","KY","40229"
110145,"1922 Bonnycastle Ave","Louisville","KY","40205"
110146,"9904 Park Lake Cir","Louisville","KY","40229"
110147,"9900 Park Lake Cir","Louisville","KY","40229"
110148,"10007 Mcneely Lake Dr","Louisville","KY","40229"
110149,"10200 Rod N Reel Rd","Louisville","KY","40229"
110150,"10006 Mcneely Lake Dr","Louisville","KY","40229"
110151,"6511 Bluegill Blvd","Louisville","KY","40229"
110152,"6605 Bluegill Blvd","Louisville","KY","40229"
110153,"1920 Duker Ave","Louisville","KY","40205"
110154,"1928 Bonnycastle Ave","Louisville","KY","40205"
110155,"6505 Rod N Reel Ct","Louisville","KY","40229"
110156,"6508 Rod N Reel Ct","Louisville","KY","40229"
110157,"6507 Rod N Reel Ct","Louisville","KY","40229"
110158,"6515 Rod N Reel Ct","Louisville","KY","40229"
110159,"10009 Mcneely Lake Dr","Louisville","KY","40229"
110160,"9921 Lancewood Rd","Louisville","KY","40229"
110161,"7001 Holsworth Ct","Louisville","KY","40222"
110162,"7012 Bedford Ln","Louisville","KY","40222"
110163,"1413 Techny Ln","Louisville","KY","40222"
110164,"1412 Girard Dr","Louisville","KY","40222"
110165,"7002 Bedford Ln","Louisville","KY","40222"
110166,"7002 Dartmoor Dr","Louisville","KY","40222"
110167,"425 S 28th St","Louisville","KY","40212"
110168,"2715 W Muhammad Ali Blvd","Louisville","KY","40212"
110169,"429 S 28th St","Louisville","KY","40212"
110170,"433 S 28th St","Louisville","KY","40212"
110171,"4303 Norbrook Dr","Apt 2","Louisville",
110172,"4204 Sanford Ave","Louisville","KY","40218"
110173,"4311 Norbrook Dr","Apt 4","Louisville",
110174,"4311 Norbrook Dr","Apt 1","Louisville",
110175,"4201 Sanford Ave","Louisville","KY","40218"
110176,"4313 Norbrook Dr","Apt 4","Louisville",
110177,"4311 Norbrook Dr","Apt 7","Louisville",
110178,"4303 Norbrook Dr","Apt 1","Louisville",
110179,"4208 Sanford Ave","Louisville","KY","40218"
110180,"4311 Norbrook Dr","Apt 5","Louisville",
110181,"4303 Norbrook Dr","Apt 3","Louisville",
110182,"8284 Virginia Rd","Louisville","KY","40258"
110183,"5510 Morning Glory Ln","Louisville","KY","40258"
110184,"5517 Tamarack Ln","Louisville","KY","40258"
110185,"5700 Tamarack Ln","Louisville","KY","40258"
110186,"5619 Dorinda Dr","Louisville","KY","40258"
110187,"5510 Maryman Rd","Louisville","KY","40258"
110188,"8342 Matt Ct","Louisville","KY","40258"
110189,"5602 Morning Glory Ln","Louisville","KY","40258"
110190,"8326 Dorinda Ave","Louisville","KY","40258"
110191,"5705 Maryman Rd","Louisville","KY","40258"
110192,"1026 Rosemary Dr","Louisville","KY","40213"
110193,"1001 Greenleaf Rd","Louisville","KY","40213"
110194,"1016 Greenleaf Rd","Louisville","KY","40213"
110195,"1006 Rosemary Dr","Louisville","KY","40213"
110196,"3120 Chickadee Rd","Louisville","KY","40213"
110197,"1107 Audubon Pkwy","Louisville","KY","40213"
110198,"1020 Audubon Pkwy","Louisville","KY","40213"
110199,"1027 Audubon Pkwy","Louisville","KY","40213"
110200,"2915 Delor Ave","Louisville","KY","40217"
110201,"1024 Greenleaf Rd","Louisville","KY","40213"
110202,"3115 Oriole Dr","Louisville","KY","40213"
110203,"3131 Oriole Dr","Louisville","KY","40213"
110204,"1028 Audubon Pkwy","Louisville","KY","40213"
110205,"3124 Chickadee Rd","Louisville","KY","40213"
110206,"1006 Hess Ln","Louisville","KY","40217"
110207,"1401 Debarr St","Apt 2","Louisville",
110208,"1503 E Breckinridge St","Louisville","KY","40204"
110209,"1201 E Broadway","Louisville","KY","40204"
110210,"1401 E Breckinridge St","Apt 2","Louisville",
110211,"710 Rubel Ave","Apt 3","Louisville",
110212,"1425 Christy Ave","Louisville","KY","40204"
110213,"1414 Saint Anthony Pl","Louisville","KY","40204"
110214,"1401 Debarr St","Apt 1","Louisville",
110215,"1210 E Broadway","Apt 3","Louisville",
110216,"1202 Benton Ave","Louisville","KY","40204"
110217,"714 Rubel Ave","Louisville","KY","40204"
110218,"1435 E Breckinridge St","# B","Louisville",
110219,"1210 E Broadway","Apt 2","Louisville",
110220,"1107 E Kentucky St","Apt 4","Louisville",
110221,"1432 E Breckinridge St","Louisville","KY","40204"
110222,"1433 E Breckinridge St","Louisville","KY","40204"
110223,"1210 E Broadway","Apt 1","Louisville",
110224,"1219 E Broadway","Louisville","KY","40204"
110225,"1413 Debarr St","Louisville","KY","40204"
110226,"710 Rubel Ave","Apt 2","Louisville",
110227,"968 Vine St","Louisville","KY","40204"
110228,"1107 E Kentucky St","Apt 9","Louisville",
110229,"1079 E Kentucky St","Louisville","KY","40204"
110230,"972 Vine St","Louisville","KY","40204"
110231,"1107 E Kentucky St","Apt 1","Louisville",
110232,"817 Rubel Ave","Apt 1","Louisville",
110233,"1400 Debarr St","Louisville","KY","40204"
110234,"710 Rubel Ave","Apt 4","Louisville",
110235,"817 Rubel Ave","Apt 4","Louisville",
110236,"710 Rubel Ave","Apt 1","Louisville",
110237,"1107 E Kentucky St","Apt 10","Louisville",
110238,"715 Saint Anthony Pl","Louisville","KY","40204"
110239,"1107 E Kentucky St","Apt 3","Louisville",
110240,"1115 E Oak St","Louisville","KY","40204"
110241,"1107 E Kentucky St","Apt 5","Louisville",
110242,"1107 E Kentucky St","Apt 6","Louisville",
110243,"1067 E Saint Catherine St","Louisville","KY","40204"
110244,"1107 E Kentucky St","Apt 8","Louisville",
110245,"990 Vine St","Louisville","KY","40204"
110246,"1401 E Breckinridge St","Apt 3","Louisville",
110247,"1401 E Breckinridge St","Apt 4","Louisville",
110248,"1414 Debarr St","Louisville","KY","40204"
110249,"1064 E Kentucky St","Louisville","KY","40204"
110250,"1206 E Broadway","Louisville","KY","40204"
110251,"1109 E Kentucky St","Apt 3","Louisville",
110252,"1046 E Kentucky St","Louisville","KY","40204"
110253,"1109 E Kentucky St","Apt 1","Louisville",
110254,"1073 Mary St","Louisville","KY","40204"
110255,"1116 E Saint Catherine St","Louisville","KY","40204"
110256,"1123 E Saint Catherine St","Louisville","KY","40204"
110257,"6313 Big Ben Dr","Louisville","KY","40291"
110258,"8503 Ferndale Rd","Louisville","KY","40291"
110259,"8305 Ferndale Rd","Louisville","KY","40291"
110260,"9714 Chetwood Ct","Louisville","KY","40291"
110261,"8707 Cedar Creek Rd","Louisville","KY","40291"
110262,"9704 Gallatin Ct","Louisville","KY","40291"
110263,"4001 Lentz Ave","Louisville","KY","40215"
110264,"2511 Paddock Ln","Louisville","KY","40216"
110265,"2512 Paddock Ct","Louisville","KY","40216"
110266,"2442 Paddock Ln","Louisville","KY","40216"
110267,"2507 Paddock Ln","Louisville","KY","40216"
110268,"2509 Paddock Ln","Louisville","KY","40216"
110269,"2517 Paddock Ct","Louisville","KY","40216"
110270,"2518 Paddock Ln","Louisville","KY","40216"
110271,"7508 Appletree Way","Louisville","KY","40228"
110272,"7507 Stayman Way","Louisville","KY","40228"
110273,"8017 Cortland Dr","Louisville","KY","40228"
110274,"1109 Chamberlain Hill Rd","Louisville","KY","40207"
110275,"437 Kaelin Dr","Louisville","KY","40207"
110276,"1418 Standard Village Cir","Louisville","KY","40210"
110277,"1423 Standard Village Cir","Louisville","KY","40210"
110278,"1400 Standard Village Cir","Louisville","KY","40210"
110279,"1410 Standard Village Cir","Louisville","KY","40210"
110280,"1409 Standard Village Cir","Louisville","KY","40210"
110281,"1406 Standard Village Cir","Louisville","KY","40210"
110282,"2507 Woodland Ave","Louisville","KY","40210"
110283,"8607 Image Way","Louisville","KY","40299"
110284,"4404 Lochridge Pkwy","Louisville","KY","40299"
110285,"8908 Bobrader Ct","Louisville","KY","40299"
110286,"4416 Mansfield Estates Dr","Louisville","KY","40299"
110287,"4603 Yocumshire Dr","Louisville","KY","40299"
110288,"8815 Halford Way","Louisville","KY","40299"
110289,"8907 Threpio Ct","Louisville","KY","40299"
110290,"8706 Loch Lea Ln","Louisville","KY","40299"
110291,"8905 Threpio Ct","Louisville","KY","40299"
110292,"4616 Haeringdon Dr","Louisville","KY","40299"
110293,"2521 W Madison St","Louisville","KY","40211"
110294,"2612 W Madison St","Louisville","KY","40211"
110295,"2522 W Muhammad Ali Blvd","Louisville","KY","40212"
110296,"2702 W Madison St","Louisville","KY","40211"
110297,"5801 River Knolls Dr","Louisville","KY","40222"
110298,"5606 River Knolls Dr","Louisville","KY","40222"
110299,"5701 River Knolls Dr","Louisville","KY","40222"
110300,"5609 River Knolls Dr","Louisville","KY","40222"
110301,"6502 Ridge Cliff Rd","Louisville","KY","40228"
110302,"7101 Cross Creek Blvd","Louisville","KY","40228"
110303,"6410 Ridge Cliff Rd","Louisville","KY","40228"
110304,"6506 Downs Branch Rd","Louisville","KY","40228"
110305,"6416 Ridge Cliff Rd","Louisville","KY","40228"
110306,"6506 Ridge Cliff Rd","Louisville","KY","40228"
110307,"4609 Flintlock Dr","Louisville","KY","40216"
110308,"6301 Upper Hunters Trce","Louisville","KY","40216"
110309,"6320 Hunters Grove Rd","Louisville","KY","40216"
110310,"6404 Black Oak Ln","Louisville","KY","40216"
110311,"6317 Hunters Grove Rd","Louisville","KY","40216"
110312,"4607 Flintlock Dr","Louisville","KY","40216"
110313,"6322 Hunters Grove Rd","Louisville","KY","40216"
110314,"2119 Ronnie Ave","Louisville","KY","40216"
110315,"6304 Hunters Grove Rd","Louisville","KY","40216"
110316,"6305 Buckskin Pl","Louisville","KY","40216"
110317,"4514 Flintlock Dr","Louisville","KY","40216"
110318,"2506 Krause Dr","Louisville","KY","40216"
110319,"4510 Flintlock Dr","Louisville","KY","40216"
110320,"2126 Ronnie Ave","Louisville","KY","40216"
110321,"6339 Hunters Grove Rd","Louisville","KY","40216"
110322,"6319 Hunters Grove Rd","Louisville","KY","40216"
110323,"2502 Krause Dr","Louisville","KY","40216"
110324,"1506 Echo Trl","Louisville","KY","40245"
110325,"1475 Echo Trl","Louisville","KY","40245"
110326,"1601 Huntoon Ave","Louisville","KY","40215"
110327,"4417 Mcgill Dr","Louisville","KY","40215"
110328,"1616 Haskin Ave","Louisville","KY","40215"
110329,"1604 Huntoon Ave","Louisville","KY","40215"
110330,"1622 Haskin Ave","Louisville","KY","40215"
110331,"1604 Arling Ave","Louisville","KY","40215"
110332,"1645 Huntoon Ave","Louisville","KY","40215"
110333,"1900 Hazelwood Ct","Louisville","KY","40214"
110334,"1619 Haskin Ave","Louisville","KY","40215"
110335,"1531 Arling Ave","Louisville","KY","40215"
110336,"1518 Shingo Ave","Louisville","KY","40215"
110337,"1529 Haskin Ave","Louisville","KY","40215"
110338,"1624 Haskin Ave","Louisville","KY","40215"
110339,"1524 Arling Ave","Louisville","KY","40215"
110340,"2220 Heather Ln","Apt 6","Louisville",
110341,"7302 Tiger Way","Apt 102","Louisville",
110342,"7302 Tiger Way","Apt 202","Louisville",
110343,"2412 Mt Claire Ave","Unit 3","Louisville",
110344,"2415 Concord Dt","Louisville","KY","40217"
110345,"Nichols Meadow Cir","Louisville","KY","40215"
110346,"2203 Gerald Ct","Apt 1","Louisville",
110347,"Johnson Ridge Rd","Lot 69","Louisville",
110348,"Warbler Branch Way","Lot 46","Louisville",
110349,"Warbler Branch Way","Lot 47","Louisville",
110350,"10809 Gordon Farm Trce","Louisville","KY","40291"
110351,"4027 S 1st St","Louisville","KY","40214"
110352,"220 Greenbriar Ln","Louisville","KY","40229"
110353,"12511 E Orell Rd","Apt 1","Louisville",
110354,"8321 Juanita Goins Ct","Louisville","KY","40228"
110355,"2822 S 3rd St","Unit 3","Louisville",
110356,"439 N 38th St","Unit 1","Louisville",
110357,"810 E Washington St","Unit 2","Louisville",
110358,"3926 Rankin St","Unit 1","Louisville",
110359,"2725 Virginia Ave","Apt 2","Louisville",
110360,"2710 Chickasaw Ave","Apt 1","Louisville",
110361,"844 Eastern Pkwy","Apt 1","Louisville",
110362,"3802 Parthenia Ave","Unit 1","Louisville",
110363,"1618 S 30th St","Unit A","Louisville",
110364,"3624 Taylor Blvd","Unit 1","Louisville",
110365,"2525 Saint Xavier St","Apt 1","Louisville",
110366,"Manslick Commons Dr","Lot 7","Louisville",
110367,"8006 Emerald Green Way","Unit 8006","Louisville",
110368,"8004 Meadowgreen Pl","Unit 8004","Louisville",
110369,"105 N Hite Ave","Apt 4","Louisville",
110370,"2220 Heather Ln","Apt 2","Louisville",
110371,"6801 W Pages Ln","Unit 6801-204","Louisville",
110372,"314 Crescent Spring Dr","Unit 1","Louisville",
110373,"W Pages Ln","Louisville","KY","40258"
110374,"11 Harrods Landing Dr","Louisville","KY","40059"
110375,"715 W Woodlawn Ave","Louisville","KY","40215"
110376,"208 N Skyline Dr","Louisville","KY","40229"
110377,"8402 Candleworth Dr","Louisville","KY","40214"
110378,"8400 Candleworth Dr","Louisville","KY","40214"
110379,"11304 Breeze Cir","Unit 11304-101","Louisville",
110380,"9620 Cooper Church Dr","Louisville","KY","40229"
110381,"4604 Southern Pkwy","Apt B6","Louisville",
110382,"4604 Southern Pkwy","Apt B12","Louisville",
110383,"6009 Goalby Dr","Unit 101","Louisville",
110384,"1105 S First St","Louisville","KY","40203"
110385,"9616 Cooper Church Dr","Unit 9616-104","Louisville",
110386,"10009 Fern Creek Rd","Unit 2","Louisville",
110387,"7305 Tiger Way","Unit 201","Louisville",
110388,"208 South Hampton Rd","Louisville","KY","40223"
110389,"10801 Stonestreet Rd","Louisville","KY","40272"
110390,"3311 Hardwood Forest Dr","Louisville","KY","40214"
110391,"508 Highwood Dr","Unit 508","Louisville",
110392,"1522 Rosewood Ave","Louisville","KY","40204"
110393,"3304 Haddon Rd","Louisville","KY","40241"
110394,"4104 La Salle Ave","Unit 1","Louisville",
110395,"11607 Millers Ln","Louisville","KY","40272"
110396,"6 Buckland Trce","Louisville","KY","40245"
110397,"3500 Timmons Ct","Louisville","KY","40245"
110398,"105 N Hite Ave","Apt 3","Louisville",
110399,"1725 S 3rd St","Apt 7","Louisville",
110400,"10216 National Tpke","Louisville","KY","40118"
110401,"9612 Cooper Church Dr","Unit 9612-405","Louisville",
110402,"10322 Dorsey Village Dr","# 202","Louisville",
110403,"1087 Cedar Creek Rd","Louisville","KY","40229"
110404,"1088 Forest View Dr","Louisville","KY","40219"
110405,"3517 Coventry Tee Ct","Louisville","KY","40241"
110406,"15100 Barbet Way","Louisville","KY","40299"
110407,"1806 Roanoke Ave","Louisville","KY","40205"
110408,"4111 Southern Pkwy","Apt 3","Louisville",
110409,"4101 Blue Lick Ct","Louisville","KY","40229"
110410,"2063 Sherwood Ave","Louisville","KY","40205"
110411,"1589 Parsons Pl","Louisville","KY","40205"
110412,"5601 Chariot Run Dr","Unit 5601-201","Louisville",
110413,"4331 S 2nd St","Apt 4","Louisville",
110414,"313 E Ormsby Ave","Louisville","KY","40203"
110415,"518-520 Camp St","Louisville","KY","40203"
110416,"Middle Creek Ct","Lot 307","Louisville",
110417,"1040 Cherokee Rd","Louisville","KY","40204"
110418,"9900 Merioneth Dr","Apt 4","Louisville",
110419,"9900 Merioneth Dr","Apt 10","Louisville",
110420,"1507 S 28th St","Units 1 & 2","Louisville",
110421,"11311 Breeze Cir","Unit 11311-304","Louisville",
110422,"6502 Hackel Dr","Apt 1","Louisville",
110423,"2707 Riedling Dr","Apt B2","Louisville",
110424,"11307 Breeze Cir","Unit 11307-206","Louisville",
110425,"2424 Glenmary Ave","Apt 2","Louisville",
110426,"123 E Burnett Ave","Unit 1","Louisville",
110427,"2412 Mt Claire Ave","Unit 7","Louisville",
110428,"4703 S 3rd St","Unit A","Louisville",
110429,"2305 Elmore St","Unit 1","Louisville",
110430,"4103 Blue Lick Ct","Unit 4103-8","Louisville",
110431,"7407 Mt Washington Rd","Louisville","KY","40229"
110432,"Manslick Commons Dr","Lot 9","Louisville",
110433,"216 Fairfax Ave","Unit 216","Louisville",
110434,"3414 W Market St","Louisville","KY","40212"
110435,"4621 Silverleaf Dr","Unit 1","Louisville",
110436,"304 Fairlawn Rd","Unit 1","Louisville",
110437,"Blum Farm Ct","Lot 121","Louisville",
110438,"3909 W Broadway","Louisville","KY","40211"
110439,"1027 Cherokee Rd","Unit Penthouse","Louisville",
110440,"1743 W Hill St","Unit 2","Louisville",
110441,"615 S 38th St","Unit 1","Louisville",
110442,"9409 Civic Way","Louisville","KY","40059"
110443,"615 S 38th St","Unit 2","Louisville",
110444,"613 S 38th St","Unit 2","Louisville",
110445,"5345 Cane Run Rd","Louisville","KY","40258"
110446,"39 Cypress Ridge Dr","Louisville","KY","40299"
110447,"7407 Garrison Rd","Louisville","KY","40214"
110448,"2305 Tyler Ln","Louisville","KY","40205"
110449,"3130 Northland Dr","Unit 14880729","Louisville",
110450,"9617 Cooper Church Dr","Unit 9617-102","Louisville",
110451,"607 Beecher St","Unit 1","Louisville",
110452,"205 Bliss Ave","Louisville","KY","40243"
110453,"315 W Hill St","Unit OB2","Louisville",
110454,"3523 Caravan Way","Lot B21","Louisville",
110455,"139 Sagamore Rd","Louisville","KY","40207"
110456,"17912 Meremont Heights Way","Louisville","KY","40245"
110457,"36 Vanherr Dr","Louisville","KY","40299"
110458,"4015 Deer Creek Dr","Louisville","KY","40241"
110459,"4009 Therina Way","Louisville","KY","40241"
110460,"4010 Deer Creek Dr","Louisville","KY","40241"
110461,"3905 Barbour Manor Ct","Louisville","KY","40241"
110462,"8316 Glaser Ln","Louisville","KY","40291"
110463,"8208 Glaser Ln","Louisville","KY","40291"
110464,"8309 Glaser Ln","Louisville","KY","40291"
110465,"8406 Glaser Ln","Louisville","KY","40291"
110466,"8321 Huntsman Trl","Louisville","KY","40291"
110467,"1514 S 4th St","Apt 1N","Louisville",
110468,"11314 Breeze Cir","Unit 11314-103","Louisville",
110469,"12004 Morningside Dr","Louisville","KY","40229"
110470,"14613 Reserve Park Pl","Louisville","KY","40299"
110471,"14615 Reserve Park Pl","Louisville","KY","40299"
110472,"14611 Reserve Park Pl","Louisville","KY","40299"
110473,"14607 Reserve Park Pl","Louisville","KY","40299"
110474,"Meadow Valley Ln","Lot 3","Louisville",
110475,"14605 Reserve Park Pl","Louisville","KY","40299"
110476,"8207 Damascus Cir","Apt C2","Louisville",
110477,"5809 Glen Park Rd","Louisville","KY","40222"
110478,"11310 Breeze Cir","Unit 11310-206","Louisville",
110479,"9211 Tamarack Grove Ln","Unit 1","Louisville",
110480,"11518 Grange Rd","Louisville","KY","40223"
110481,"Blum Farm Ct","Lot 124","Louisville",
110482,"12504 Old Henry Rd","Louisville","KY","40223"
110483,"6352 Sydney Renee Way","Louisville","KY","40272"
110484,"4711 Golden Eagle Dr","Louisville","KY","40222"
110485,"1017 S Shelby St","Unit 1","Louisville",
110486,"5883 W Pages Ln","Unit 1","Louisville",
110487,"5115 Keegan Way","Unit 1","Louisville",
110488,"5130 Keegan Way","Unit 1","Louisville",
110489,"6300 Regal Rd","Unit Garageapt","Louisville",
110490,"1369 Bardstown Rd","Louisville","KY","40204"
110491,"7309 N Old Church Rd","Louisville","KY","40214"
110492,"6300 Regal Rd","Unit Garage","Louisville",
110493,"3409 Prestwood Dr","Apt 3","Louisville",
110494,"13 Thomas Farm Dr","Louisville","KY","40299"
110495,"1238 S Third St","Louisville","KY","40203"
110496,"2725 Virginia Ave","Apt 1","Louisville",
110497,"4307 S 3rd St","Apt B","Louisville",
110498,"4522 Winnrose Way","Unit 116","Louisville",
110499,"4524 Winnrose Way","Unit 126","Louisville",
110500,"2605 S Delor Ave","Louisville","KY","40217"
110501,"315 Shawnee Dr","Unit L","Louisville",
110502,"8112 St Andrews Church Rd","Louisville","KY","40258"
110503,"6506 Brook Bend Way","Unit 217","Louisville",
110504,"1424 S Floyd St","Unit 1","Louisville",
110505,"1807 Neville Dr","Apt 1","Louisville",
110506,"1424 S Floyd St","Unit 2","Louisville",
110507,"8500 Field Trials Ct","Louisville","KY","40291"
110508,"2816 W Kentucky St","Unit A","Louisville",
110509,"3604 River Park Dr","Louisville","KY","40211"
110510,"4524 Winnrose Way","Louisville","KY","40211"
110511,"9615 Cooper Church Dr","Unit 9615-207","Louisville",
110512,"9616 Cooper Church Dr","Unit 9616-306","Louisville",
110513,"2419 Helen St","Louisville","KY","40216"
110514,"9605 Glenawyn Cir","Louisville","KY","40299"
110515,"427 Locust Park Pl","Louisville","KY","40245"
110516,"111 Wellston Pl","Louisville","KY","40207"
110517,"Meadow Valley Ln","Lot 2","Louisville",
110518,"124 N Clay St","Apt 2","Louisville",
110519,"124 N Clay St","Apt 1","Louisville",
110520,"3326 Breckenridge Ln","Louisville","KY","40220"
110521,"2334 Page Ave","Unit 1","Louisville",
110522,"5703 Chariot Run Dr","Unit 5703-203","Louisville",
110523,"10524 Watterson Trl","Apt 1","Louisville",
110524,"124 N Clay St","Apt 3","Louisville",
110525,"319 Idlewylde Dr","Apt 2","Louisville",
110526,"106 Crestwood Ave","Apt 1","Louisville",
110527,"843 Beecher St","Unit 843","Louisville",
110528,"1033 Bardstown Rd","Unit 3","Louisville",
110529,"1504 Winter Ave","Apt 1","Louisville",
110530,"1418 Catalpa St","Unit 2","Louisville",
110531,"1441 Thornberry Ave","Louisville","KY","40215"
110532,"1521 S 4th St","Louisville","KY","40208"
110533,"9409 Dawson Hill Rd","Louisville","KY","40299"
110534,"11307 Breeze Cir","Unit 11307-202","Louisville",
110535,"2140 Bonnycastle Ave","Unit Ee","Louisville",
110536,"Meander Way","Lot 77","Louisville",
110537,"4326 Accomack Dr","Unit 1","Louisville",
110538,"8501 Leflore Ave","Unit 8501-108","Louisville",
110539,"2212 Steier Ln","Apt 3","Louisville",
110540,"4213 Foreman Ln","Apt 1","Louisville",
110541,"Govern Ct","Lot 335","Louisville",
110542,"1646 Story Ave","Apt 2","Louisville",
110543,"2250 Grand Ave","Louisville","KY","40210"
110544,"1504 Winter Ave","Louisville","KY","40204"
110545,"4213 Foreman Ln","Louisville","KY","40219"
110546,"6506 Brook Bend Way","Unit 218","Louisville",
110547,"3253 Beals Branch Rd","Louisville","KY","40206"
110548,"502 Harris Pl","Louisville","KY","40222"
110549,"1633 W Jefferson St","Apt 2","Louisville",
110550,"10305 Grand Ave","Louisville","KY","40299"
110551,"1240 Algonquin Pkwy","Unit 1","Louisville",
110552,"2333 Greenwood Ave","Unit 1","Louisville",
110553,"1743 Algonquin Pkwy","Unit 1","Louisville",
110554,"7948 Nature Way","Unit 1","Louisville",
110555,"4522 Winnrose Way","Louisville","KY","40211"
110556,"1581 Bardstown Rd","Louisville","KY","40205"
110557,"1325 Bardstown Rd","Unit 1-8","Louisville",
110558,"5043 Bay Pointe Dr","Louisville","KY","40241"
110559,"1646 Story Ave","Unit 2","Louisville",
110560,"4208 La Salle Ave","Louisville","KY","40215"
110561,"1111 E Burnett St","Louisville","KY","40217"
110562,"1565 S Brook St","Louisville","KY","40208"
110563,"702 Barret Ave","Apt 203","Louisville",
110564,"2630 Pindell Ave","Louisville","KY","40217"
110565,"514 Eastgate Vlg","Wynde Unit 514","Louisville",
110566,"217 Crescent Ct","Apt C","Louisville",
110567,"4204 Browns Ln","Unit 204","Louisville",
110568,"2412 Mt Claire Ave","Unit 9","Louisville",
110569,"2114 S Preston St","# 1","Louisville",
110570,"2412 Mt Claire Ave","Unit 10","Louisville",
110571,"1105 S 1st St","Unit 4","Louisville",
110572,"8584 Peggy Dr","Louisville","KY","40219"
110573,"6634 Slyvania Rd","Louisville","KY","40258"
110574,"8401 Tapestry 1289489 Cir","Unit 8401-102","Louisville",
110575,"6541/6543 Miles Ave","Louisville","KY","40214"
110576,"10500 Chariot Run Ct","Unit 10500-204","Louisville",
110577,"1763 W Lee St","Unit 1","Louisville",
110578,"4101 Spyglass Ct","Unit 1","Louisville",
110579,"731 Iowa Ave","Unit 1","Louisville",
110580,"5601 Chariot Run Dr","Unit 5601-101","Louisville",
110581,"16618 Rockcrest View Ln","Unit 1","Louisville",
110582,"1623 Norris Pl","Apt 3","Louisville",
110583,"9419 Norton Commons Blvd","Ste 201","Louisville",
110584,"7507 Edenroc Ln","Unit 1","Louisville",
110585,"9403 Pirouette Ave","Louisville","KY","40118"
110586,"214 N 17th St","Unit 1","Louisville",
110587,"1114 Flat Rock Rd","Louisville","KY","40245"
110588,"14711 Stable Gate Pl","Louisville","KY","40299"
110589,"14709 Stable Gate Pl","Louisville","KY","40299"
110590,"15804 Northville Pl","Louisville","KY","40245"
110591,"1335R S 1st St","Louisville","KY","40208"
110592,"9616 Cooper Church Dr","Unit 9616-108","Louisville",
110593,"11304 Breeze Cir","Unit 11304-206","Louisville",
110594,"653 Lynn St","Unit B","Louisville",
110595,"1423 E Breckinridge St","Unit B","Louisville",
110596,"3932 Greenhurst Dr","Unit 3932","Louisville",
110597,"7414 Garrison Rd","Louisville","KY","40214"
110598,"12317 Dominion Way","Louisville","KY","40299"
110599,"4932 Poplar Level Rd","Unit 15","Louisville",
110600,"4932 Poplar Level Rd","Unit 17","Louisville",
110601,"4932 Poplar Level Rd","Unit 13","Louisville",
110602,"4932 Poplar Level Rd","Unit 12","Louisville",
110603,"4932 Poplar Level Rd","Unit 8","Louisville",
110604,"4932 Poplar Level Rd","Unit 11","Louisville",
110605,"4932 Poplar Level Rd","Unit 9","Louisville",
110606,"4932 Poplar Level Rd","Unit 10","Louisville",
110607,"4932 Poplar Level Rd","Unit 14","Louisville",
110608,"4932 Poplar Level Rd","Unit 16","Louisville",
110609,"4932 Poplar Level Rd","Unit 3","Louisville",
110610,"4932 Poplar Level Rd","Unit 7","Louisville",
110611,"4932 Poplar Level Rd","Unit 5","Louisville",
110612,"4932 Poplar Level Rd","Unit 4","Louisville",
110613,"4932 Poplar Level Rd","Unit 6","Louisville",
110614,"4932 Poplar Level Rd","Unit 1-2","Louisville",
110615,"3717 Briarbridge Ln","Apt 3","Louisville",
110616,"4214 Blossomwood Dr","Unit 1","Louisville",
110617,"3719 Powell Ave","Unit 1","Louisville",
110618,"2424 Glenmary Ave","Apt 1","Louisville",
110619,"12509 Echo Bridge Rd","Louisville","KY","40243"
110620,"3016 Wellbrooke Rd","Louisville","KY","40205"
110621,"9614 Cooper Church Dr","Unit 9614-103","Louisville",
110622,"1439 S Brook St","Apt 1","Louisville",
110623,"1210 Everett Ave","Unit 2","Louisville",
110624,"7602 Garrison Rd","# 5","Louisville",
110625,"3400 Woodside Rd","Louisville","KY","40222"
110626,"12513 E Orell Rd","Apt 1","Louisville",
110627,"17507 Shakes Creek Dr","Louisville","KY","40023"
110628,"17321 Deer Crossing Trl","Louisville","KY","40023"
110629,"4538 S First St","Louisville","KY","40214"
110630,"7611 Fort Sumter Ct","Unit 1","Louisville",
110631,"6810 Yazoo St","Unit 6810-205","Louisville",
110632,"6805 W Pages Ln","Unit 6805-203","Louisville",
110633,"4012 Dupont Cir","Louisville","KY","40207"
110634,"415 Blue Rose Ct","Unit 415","Louisville",
110635,"2823 Langdon Dr","Louisville","KY","40241"
110636,"2906 Weissinger Rd","Louisville","KY","40241"
110637,"2902 Goose Creek Rd","Louisville","KY","40241"
110638,"2816 Langdon Dr","Louisville","KY","40241"
110639,"2911 Swope Rd","Louisville","KY","40241"
110640,"2909 Koster Pl","Louisville","KY","40241"
110641,"9302 Felsmere Cir","Louisville","KY","40241"
110642,"8601 Bahama Ln","Louisville","KY","40219"
110643,"4502 Micklenburg Ct","Louisville","KY","40245"
110644,"4112 Northumberland Dr","Louisville","KY","40245"
110645,"12006 Rustburg Ct","Louisville","KY","40245"
110646,"12005 Rustburg Ct","Louisville","KY","40245"
110647,"12010 Luray Ct","Louisville","KY","40245"
110648,"12003 Luray Ct","Louisville","KY","40245"
110649,"4109 Northumberland Dr","Louisville","KY","40245"
110650,"12005 Luray Ct","Louisville","KY","40245"
110651,"11012 Lunenburg Ct","Louisville","KY","40245"
110652,"12007 Luray Ct","Louisville","KY","40245"
110653,"4503 Micklenburg Ct","Louisville","KY","40245"
110654,"4501 Dickerson Ct","Louisville","KY","40245"
110655,"1801 Spring Dr","Louisville","KY","40205"
110656,"5100 Us 42","Unit 711","Louisville",
110657,"8903 Talon Ridge Way","Louisville","KY","40229"
110658,"1616 Gardiner Ct","Unit 4","Louisville",
110659,"10501 Chariot Run Ct","Unit 10501-205","Louisville",
110660,"6806 Blackhorse Dr","Unit 1","Louisville",
110661,"2107 Speed Ave","Unit 2107SPE","Louisville",
110662,"3746 Chamberlain Ct","Louisville","KY","40241"
110663,"4803 St Leo Pl","Louisville","KY","40214"
110664,"2931 Riedling Dr","Louisville","KY","40206"
110665,"2841 Riedling Dr","Louisville","KY","40206"
110666,"440 Knightsbridge Rd","Louisville","KY","40206"
110667,"427 University Ave","Louisville","KY","40206"
110668,"2816 Riedling Dr","Louisville","KY","40206"
110669,"2887 Riedling Dr","Louisville","KY","40206"
110670,"432 Knightsbridge Rd","Louisville","KY","40206"
110671,"434 Knightsbridge Rd","Louisville","KY","40206"
110672,"512 Emery Rd","Louisville","KY","40206"
110673,"1836 Algonquin Pkwy","Apt 2","Louisville",
110674,"5148 Keegan Way","Unit 1","Louisville",
110675,"4316 Evershead Pl","Unit 1","Louisville",
110676,"12064 Morningside Dr","Louisville","KY","40229"
110677,"9800 Michael Edward Dr","Apt 1","Louisville",
110678,"1916 Bonnycastle Ave","Unit 1","Louisville",
110679,"2801 Park Brook Ln","Unit 1","Louisville",
110680,"6810 Yazoo St","Unit 6810-207","Louisville",
110681,"2702 W Jefferson St","Unit 2","Louisville",
110682,"802A E Madison 663993 St","Unit 734EMA","Louisville",
110683,"6302 Meeting St","Unit 201","Louisville",
110684,"2919 W Market St","Apt 2","Louisville",
110685,"5911 Carmelwood","Louisville","KY","40229"
110686,"5004 Woodridge Lake Blvd","Unit 133","Louisville",
110687,"5006 Woodridge Lake Blvd","Unit 134","Louisville",
110688,"5002 Woodridge Lake Blvd","Unit 132","Louisville",
110689,"1416 S 1st St","Louisville","KY","40208"
110690,"4836 Partridge Run Rd","Louisville","KY","40213"
110691,"3706 Noblitt Dr","Apt 2","Louisville",
110692,"2707 Riedling Dr","Apt B5","Louisville",
110693,"10111 Whipps Mill Rd","Louisville","KY","40223"
110694,"1816 Jefferson Ave","Louisville","KY","40242"
110695,"9919 Silverwood Ln","Louisville","KY","40272"
110696,"5524 Random Way","Unit 1","Louisville",
110697,"9711 Hudson Ln","Apt 4","Louisville",
110698,"3706 Noblitt Dr","Apt 4","Louisville",
110699,"4200 Foreman Ln","Apt 2","Louisville",
110700,"100 And 102 Steedly Dr","Louisville","KY","40214"
110701,"1423 Swan Crk Cir","Louisville","KY","40299"
110702,"4200 Foreman Ln","Louisville","KY","40219"
110703,"142 Topfield Rd","Apt 4","Louisville",
110704,"124 Topfield Rd","Apt 2","Louisville",
110705,"Deer Trace Ln","Lot 32","Louisville",
110706,"228 E Kentucky St","Unit 228-203","Louisville",
110707,"601 Revolutionary Rd","Apt 5","Louisville",
110708,"8403 Elsie Ct","Louisville","KY","40228"
110709,"4411 Southern Pkwy","Apt 4","Louisville",
110710,"1824 La Salle Pl Unit Ln","Louisville","KY","40210"
110711,"2915 Dumesnil St","Unit 1","Louisville",
110712,"7107 Brook Garden Pl","Louisville","KY","40258"
110713,"1315 Lancaster Pl","Louisville","KY","40222"
110714,"4604 Southern Pkwy","Louisville","KY","40214"
110715,"6306 S Watterson Trl","Unit 1","Louisville",
110716,"214 N 17th St","Unit 2","Louisville",
110717,"4619 Southern Pkwy","Apt 1","Louisville",
110718,"5118 Keegan Way","Louisville","KY","40291"
110719,"5128 Keegan Way","Louisville","KY","40291"
110720,"5320 Greenwood Rd","Unit 1","Louisville",
110721,"8612 Cotswold Dr","Unit 1","Louisville",
110722,"2706 Chickasaw Ave","Unit 28","Louisville",
110723,"8828 Moody Rd","Apt 103","Louisville",
110724,"1403 S 2nd St","Louisville","KY","40208"
110725,"7506 Broad Run Rd","Louisville","KY","40291"
110726,"3512 Olive Rd","Unit 1","Louisville",
110727,"8504 Tallahatchie St","Unit 8504-108","Louisville",
110728,"1508 Sylvan Wynde","Louisville","KY","40205"
110729,"Harkaway Ave","Lot 141","Louisville",
110730,"14608 Landis Lakes Dr","Louisville","KY","40245"
110731,"1003 Alta Cir","Louisville","KY","40205"
110732,"8422 Aiken Rd","Louisville","KY","40245"
110733,"4618 St Rita Dr","Louisville","KY","40219"
110734,"5717 Mt Washington Rd","Louisville","KY","40229"
110735,"210 Walie Anne Ct","Louisville","KY","40210"
110736,"4512 Ivy Crest Cir","Louisville","KY","40241"
110737,"1959 Duker Ave","Apt 4","Louisville",
110738,"3520 Timmons Ct","Louisville","KY","40245"
110739,"819 La Fontenay Dr","Louisville","KY","40223"
110740,"Blum Farm Ct","Lot 125","Louisville",
110741,"3403 Dixie Hwy","Apt 3","Louisville",
110742,"Manslick Commons Dr","Lot 4","Louisville",
110743,"315 Louis Coleman Junior Dr","Louisville","KY","40212"
110744,"1010 E Caldwell St","Unit 1","Louisville",
110745,"9200 Loch Lea Ln","Unit 1","Louisville",
110746,"12400 Brothers-1unit 108 Ave","Unit 1","Louisville",
110747,"407 Highwood Dr","Unit 407","Louisville",
110748,"6409 Deming Ln","Unit 1","Louisville",
110749,"6316 Chadron Dr","Unit 1","Louisville",
110750,"4506 Landside Dr","Apt 8","Louisville",
110751,"2650 Lindsay Ave","Apt 2","Louisville",
110752,"2712 Hillside Ter","Louisville","KY","40206"
110753,"4209 Foreman Ln","Apt 4","Louisville",
110754,"621 Camp St","Louisville","KY","40203"
110755,"832 Ash St","Louisville","KY","40217"
110756,"616 E Oak St","Louisville","KY","40203"
110757,"826 Ash St","Louisville","KY","40217"
110758,"603 E Oak St","Louisville","KY","40203"
110759,"611 E Ormsby Ave","Louisville","KY","40203"
110760,"605 E Oak St","Louisville","KY","40203"
110761,"1245 S Clay St","Louisville","KY","40203"
110762,"1249 Logan St","Louisville","KY","40204"
110763,"720 Camp St","Louisville","KY","40203"
110764,"720 Shelby Pkwy","Louisville","KY","40203"
110765,"920 Samuel St","Louisville","KY","40204"
110766,"922 Samuel St","Louisville","KY","40204"
110767,"716 Shelby Pkwy","Louisville","KY","40203"
110768,"1237 S Clay St","Louisville","KY","40203"
110769,"603 E Ormsby Ave","Louisville","KY","40203"
110770,"607 E Ormsby Ave","Louisville","KY","40203"
110771,"1260 S Shelby St","Louisville","KY","40203"
110772,"1349 S Shelby St","Louisville","KY","40217"
110773,"710 Shelby Pkwy","Louisville","KY","40203"
110774,"639 Camp St","Louisville","KY","40203"
110775,"714 E Ormsby Ave","Louisville","KY","40203"
110776,"725 Shelby Pkwy","Louisville","KY","40203"
110777,"1200 S Clay St","Louisville","KY","40203"
110778,"713 Shelby Pkwy","Louisville","KY","40203"
110779,"639 E Oak St","Louisville","KY","40203"
110780,"1253 S Clay St","Louisville","KY","40203"
110781,"1228 Boyle St","Louisville","KY","40204"
110782,"623 E Oak St","Louisville","KY","40203"
110783,"628 E Oak St","Apt 1","Louisville",
110784,"644 E Ormsby Ave","Louisville","KY","40203"
110785,"4114 Pirate Ln","Louisville","KY","40229"
110786,"4209 Foreman Ln","Louisville","KY","40219"
110787,"948 Barret Ave","Louisville","KY","40204"
110788,"4218 Foreman Ln","Louisville","KY","40219"
110789,"2430 St Xavier St","Louisville","KY","40212"
110790,"4218 Foreman Ln","Apt 6","Louisville",
110791,"1106 Donard Park Ave","Unit 1106","Louisville",
110792,"4115 Leo Ln","Unit 1","Louisville",
110793,"2433 Slevin St","Apt 2","Louisville",
110794,"1535 W Jefferson St","Unit 1","Louisville",
110795,"15 Lincoln Run Rd","Louisville","KY","40245"
110796,"109 Wellston Pl","Louisville","KY","40207"
110797,"108 Wellston Pl","Louisville","KY","40207"
110798,"110 Wellston Pl","Louisville","KY","40207"
110799,"8630 Grand Neptune Dr","Unit 2","Louisville",
110800,"5503 Norton Ave","Unit 1","Louisville",
110801,"4161 Reservoir Ave","Apt 201","Louisville",
110802,"6503 Elmwood Ave","Louisville","KY","40216"
110803,"12304 Vanherr Dr","Louisville","KY","40299"
110804,"2310 W Broadway","Unit 1","Louisville",
110805,"1514 S 4th St","Apt 1S","Louisville",
110806,"Johnson Ridge Rd","Lot 130","Louisville",
110807,"10103 Reeseman Dr","Louisville","KY","40291"
110808,"7609 Gerald Ave","Unit 1","Louisville",
110809,"3722 Chamberlain Ct","Unit 3722","Louisville",
110810,"1916 Bonnycastle Ave","Unit 2","Louisville",
110811,"2814 Timber Hills Rd","Louisville","KY","40214"
110812,"3500 College Dr","Unit 201","Louisville",
110813,"715 M St","Louisville","KY","40208"
110814,"1401 S 2nd St","Unit 6","Louisville",
110815,"3802 Darlene Dr","Louisville","KY","40216"
110816,"236 E Kentucky St","Unit 236-110","Louisville",
110817,"516 Glengarry Dr","Louisville","KY","40118"
110818,"2709 W Kentucky St","Unit 1","Louisville",
110819,"Blum Farm Ct","Lot 123","Louisville",
110820,"5613 Axbridge Rd","Unit 1","Louisville",
110821,"6105 Blevins Gap Rd","Apt 4","Louisville",
110822,"5128 Keegan Way","Unit 1","Louisville",
110823,"5118 Keegan Way","Unit 1","Louisville",
110824,"9220 Wendell Way","Unit 1","Louisville",
110825,"5505 Baywood Dr","Unit 1","Louisville",
110826,"1030 S 5th St","Louisville","KY","40203"
110827,"3108 Haddon Rd","Louisville","KY","40241"
110828,"9419 Norton Commons Blvd","Unit 202","Louisville",
110829,"1439 Beech St","Louisville","KY","40211"
110830,"8813 Wisdom Ln","Unit 1","Louisville",
110831,"740 M St","Louisville","KY","40208"
110832,"9103 Elm Ct","Unit 1","Louisville",
110833,"6666 Sylvania Rd","Apt 5","Louisville",
110834,"4218 Foreman Ln","Unit 4218APT6","Louisville",
110835,"205 Norbourne Blvd","Louisville","KY","40207"
110836,"19117 Catalpa Fields Pl","Louisville","KY","40023"
110837,"4501 S 6th St","Apt 41","Louisville",
110838,"4035 Bardstown Rd","Louisville","KY","40218"
110839,"184 Cannon Ct","Apt 3","Louisville",
110840,"2916 Swaps Ln","Louisville","KY","40216"
110841,"2805 Woodmont Dr","Louisville","KY","40220"
110842,"9614 Cooper Church Dr","Unit 9614-307","Louisville",
110843,"7323 Fox Hollow Way","Louisville","KY","40228"
110844,"905 W Riverside Dr","Units 1 & 2","Louisville",
110845,"1405 Avoca Ridge Dr","Louisville","KY","40223"
110846,"820 River Dell Dr","Louisville","KY","40206"
110847,"3300 Altabrook Dr","Louisville","KY","40245"
110848,"7400 Snow Bend Ave","Louisville","KY","40228"
110849,"2344 Grinstead Dr","Louisville","KY","40204"
110850,"200 Crescent Ave","Louisville","KY","40206"
110851,"21 Trappers Trl","Louisville","KY","40216"
110852,"4109 Blue Lick Ct","Louisville","KY","40229"
110853,"2319 Glenmary Ave","Louisville","KY","40204"
110854,"7715 Oakfields Pointe Rd","Louisville","KY","40228"
110855,"2315 Glenmary Ave","Louisville","KY","40204"
110856,"657 S 3rd St","Louisville","KY","40202"
110857,"10500 Drumlin Dr","Louisville","KY","40223"
110858,"3206 Orchard Manor Cir","Louisville","KY","40220"
110859,"1115 S 4th St","Louisville","KY","40203"
110860,"2101 Cherokee Pkwy","Unit 2","Louisville",
110861,"365 Prairie Dr","Louisville","KY","40229"
110862,"7317 Old Heady Rd","Louisville","KY","40299"
110863,"605 E Hill St","Louisville","KY","40217"
110864,"8902 Harmony Pl Ct","Louisville","KY","40242"
110865,"10704 Dennybrook Way","Louisville","KY","40299"
110866,"2245 Date St","Unit 1","Louisville",
110867,"1501 Bluegrass Ave","Unit 1","Louisville",
110868,"184 Cannon Ct","Apt 4","Louisville",
110869,"8828 Moody Rd","Unit 8828-103","Louisville",
110870,"106 Crestwood Ave","Apt 3","Louisville",
110871,"3612 Foxglove Ln","Louisville","KY","40241"
110872,"905 1/2 W Riverside Dr","Louisville","KY","40207"
110873,"932 Cherokee Rd","Louisville","KY","40204"
110874,"4306 Sherman Ave","Unit 1","Louisville",
110875,"5510 Cedarwood Dr","Unit 1","Louisville",
110876,"4126 Roosevelt Ave","Louisville","KY","40213"
110877,"11702 La Grange Rd","Louisville","KY","40223"
110878,"230 Breckenridge Ln","Louisville","KY","40207"
110879,"11806 Beacon Ct","Lot 134","Louisville",
110880,"606 Blankenbaker Ln","Louisville","KY","40207"
110881,"2058 Allene Ave","Units 1 & 2","Louisville",
110882,"4500-4510 Westport Woods Ln","Louisville","KY","40245"
110883,"1312 Barret Ave","Apt 3","Louisville",
110884,"1113 Rogers St","Louisville","KY","40204"
110885,"11301 Breeze Cir","Unit 11301-208","Louisville",
110886,"3535 W Muhammad Ali Blvd","Unit 1F","Louisville",
110887,"2888 Brownsboro Rd","Apt I4","Louisville",
110888,"2888 Brownsboro Rd","Apt I3","Louisville",
110889,"4143 Hillview Ave","Apt 5","Louisville",
110890,"4034 Glenhurst Ave","Louisville","KY","40216"
110891,"4118 Saint Joseph Ave","Louisville","KY","40216"
110892,"1915 Linherk Ave","Louisville","KY","40216"
110893,"4145 Candor Ave","Louisville","KY","40216"
110894,"2101 Garrs Ln","Louisville","KY","40216"
110895,"4114 Candor Ave","Louisville","KY","40216"
110896,"4038 Glenhurst Ave","Louisville","KY","40216"
110897,"4027 Glenhurst Ave","Louisville","KY","40216"
110898,"4032 Valley View Dr","Louisville","KY","40216"
110899,"4139 Candor Ave","Louisville","KY","40216"
110900,"4127 Millcreek Dr","Louisville","KY","40216"
110901,"1920 Neville Dr","Louisville","KY","40216"
110902,"2100 Middle Ln","Louisville","KY","40216"
110903,"4105 Candor Ave","Louisville","KY","40216"
110904,"4143 Hillview Ave","Apt 3","Louisville",
110905,"4121 Candor Ave","Louisville","KY","40216"
110906,"2012 Garrs Ln","Louisville","KY","40216"
110907,"4148 Hillview Ave","Apt 4","Louisville",
110908,"4040 Lisa Ave","Louisville","KY","40216"
110909,"4148 Hillview Ave","Apt 2","Louisville",
110910,"4143 Candor Ave","Louisville","KY","40216"
110911,"4135 Candor Ave","Louisville","KY","40216"
110912,"4108 North Ln","Louisville","KY","40216"
110913,"4114 Hillview Ave","Louisville","KY","40216"
110914,"4202 Candor Ave","Louisville","KY","40216"
110915,"4201 Dixie Hwy","Louisville","KY","40216"
110916,"2106 Garrs Ln","Louisville","KY","40216"
110917,"4116 Saint Joseph Ave","Louisville","KY","40216"
110918,"4143 Hillview Ave","Apt 8","Louisville",
110919,"4113 Candor Ave","Louisville","KY","40216"
110920,"9113 Wanlou Dr","Louisville","KY","40272"
110921,"4603 Andalusia Ln","Louisville","KY","40272"
110922,"9205 Wanlou Dr","Louisville","KY","40272"
110923,"4444 Southbridge Ct","Louisville","KY","40272"
110924,"4803 Andalusia Ln","Louisville","KY","40272"
110925,"4813 Andalusia Ln","Louisville","KY","40272"
110926,"4620 Frel Rd","Louisville","KY","40272"
110927,"4621 Frel Rd","Louisville","KY","40272"
110928,"4699 Andalusia Ln","Louisville","KY","40272"
110929,"6612 Mount Washington Rd","Louisville","KY","40229"
110930,"6600 Mount Washington Rd","Louisville","KY","40229"
110931,"6705 Mount Washington Rd","Louisville","KY","40229"
110932,"1018 S 47th St","Apt 2","Louisville",
110933,"1018 S 47th St","Apt 1","Louisville",
110934,"4531 Westchester Ave","Louisville","KY","40211"
110935,"904 Loretto Ave","Louisville","KY","40211"
110936,"1023 Southwestern Pkwy","Louisville","KY","40211"
110937,"4513 Grand Ave","Louisville","KY","40211"
110938,"4428 Greenwood Ave","Louisville","KY","40211"
110939,"4627 Greenwood Ave","Louisville","KY","40211"
110940,"950 S 47th St","Louisville","KY","40211"
110941,"1033 Kaiser Ct","Louisville","KY","40211"
110942,"4501 Grand Ave","Louisville","KY","40211"
110943,"903 Loretto Ave","Louisville","KY","40211"
110944,"902 Loretto Ave","Louisville","KY","40211"
110945,"4519 Grand Ave","Louisville","KY","40211"
110946,"813 S 45th St","Louisville","KY","40211"
110947,"811 S 45th St","Louisville","KY","40211"
110948,"4618 Westchester Ave","Louisville","KY","40211"
110949,"1211 Southwestern Pkwy","Louisville","KY","40211"
110950,"1033 Southwestern Pkwy","Louisville","KY","40211"
110951,"4524 Riverview Ave","Louisville","KY","40211"
110952,"1022 S 47th St","Louisville","KY","40211"
110953,"909 Loretto Ave","Louisville","KY","40211"
110954,"948 S 47th St","Louisville","KY","40211"
110955,"912 S 45th St","Louisville","KY","40211"
110956,"1007 S 47th St","Louisville","KY","40211"
110957,"1100 Plato Ter","Louisville","KY","40211"
110958,"914 S 45th St","Louisville","KY","40211"
110959,"4504 Greenwood Ave","Louisville","KY","40211"
110960,"1004 S 45th St","Louisville","KY","40211"
110961,"4624 Westchester Ave","Louisville","KY","40211"
110962,"1031 Kaiser Ct","Louisville","KY","40211"
110963,"910 Loretto Ave","Louisville","KY","40211"
110964,"909 S 45th St","Louisville","KY","40211"
110965,"924 S 44th St","Louisville","KY","40211"
110966,"4517 Sunset Ave","Louisville","KY","40211"
110967,"4510 Greenwood Ave","Louisville","KY","40211"
110968,"4425 W Kentucky St","Louisville","KY","40211"
110969,"1544 S 30th St","Louisville","KY","40211"
110970,"1544 Beech St","Louisville","KY","40211"
110971,"1607 S 31st St","Louisville","KY","40211"
110972,"1623 S 30th St","Louisville","KY","40211"
110973,"1626 Catalpa St","Louisville","KY","40211"
110974,"1540 Hemlock St","Louisville","KY","40211"
110975,"1606 S 30th St","Louisville","KY","40211"
110976,"1612 Beech St","Louisville","KY","40211"
110977,"1629 Catalpa St","Louisville","KY","40211"
110978,"1621 Hemlock Ct","Louisville","KY","40211"
110979,"1538 Beech St","Louisville","KY","40211"
110980,"1518 Beech St","Louisville","KY","40211"
110981,"1626 S 28th St","Louisville","KY","40211"
110982,"1519 Beech St","Louisville","KY","40211"
110983,"2809 Conestoga Ave","Louisville","KY","40210"
110984,"1622 Catalpa St","Louisville","KY","40211"
110985,"2717 Conestoga Ave","Louisville","KY","40210"
110986,"1621 S 31st St","Louisville","KY","40211"
110987,"2307 Burwell Ave","Louisville","KY","40210"
110988,"1741 S 24th St","Louisville","KY","40210"
110989,"2634 Bank St","Louisville","KY","40212"
110990,"2625 Saint Xavier St","Louisville","KY","40212"
110991,"2519 Griffiths Ave","Louisville","KY","40212"
110992,"525 N 27th St","Louisville","KY","40212"
110993,"2725 Gilligan St","Louisville","KY","40212"
110994,"2527 Montgomery St","Louisville","KY","40212"
110995,"2538 Saint Xavier St","Louisville","KY","40212"
110996,"2544 Bank St","Louisville","KY","40212"
110997,"2543 Bank St","Louisville","KY","40212"
110998,"2529 Saint Xavier St","Louisville","KY","40212"
110999,"406 N 26th St","Louisville","KY","40212"
111000,"2723 Saint Xavier St","Louisville","KY","40212"
111001,"2616 Saint Xavier St","Louisville","KY","40212"
111002,"2626 Montgomery St","Louisville","KY","40212"
111003,"437 N 26th St","Louisville","KY","40212"
111004,"624 N 26th St","Louisville","KY","40212"
111005,"2640 Bank St","Louisville","KY","40212"
111006,"7800 Westbrook Rd","Louisville","KY","40258"
111007,"6814 Barbrook Rd","Louisville","KY","40258"
111008,"7804 Westbrook Rd","Louisville","KY","40258"
111009,"6714 Miller Park Dr","Louisville","KY","40258"
111010,"9905 Brooks Bend Rd","Louisville","KY","40258"
111011,"9626 Combs Ln","Louisville","KY","40258"
111012,"6619 Miller Park Dr","Louisville","KY","40258"
111013,"9700 Brooks Bend Rd","Louisville","KY","40258"
111014,"9617 Combs Ln","Louisville","KY","40258"
111015,"7416 Old North Church Rd","Louisville","KY","40214"
111016,"209 Mackie Ln","Louisville","KY","40214"
111017,"114 Mackie Ln","Louisville","KY","40214"
111018,"7503 Sam Ct","Louisville","KY","40214"
111019,"201 Mackie Ln","Louisville","KY","40214"
111020,"110 Mackie Ln","Louisville","KY","40214"
111021,"216 Mackie Ln","Louisville","KY","40214"
111022,"7403 Old North Church Rd","Louisville","KY","40214"
111023,"213 Kim Ct","Louisville","KY","40214"
111024,"101 Old Towne Rd","Louisville","KY","40214"
111025,"110 Declaration Dr","Louisville","KY","40214"
111026,"413 Sam Dr","Louisville","KY","40214"
111027,"7214 Old North Church Rd","Louisville","KY","40214"
111028,"109 Mackie Ln","Louisville","KY","40214"
111029,"120 Sam Dr","Louisville","KY","40214"
111030,"7407 Lesane Dr","Louisville","KY","40214"
111031,"128 Scottsdale Blvd","Louisville","KY","40214"
111032,"208 Mackie Ln","Louisville","KY","40214"
111033,"209 Lesane Ct","Louisville","KY","40214"
111034,"107 Mackie Ln","Louisville","KY","40214"
111035,"223 Mackie Ln","Louisville","KY","40214"
111036,"206 Declaration Dr","Louisville","KY","40214"
111037,"302 New England Ct","Louisville","KY","40214"
111038,"203 Mackie Ln","Louisville","KY","40214"
111039,"5011 Oak Park Dr","Louisville","KY","40258"
111040,"7807 Conifer Dr","Louisville","KY","40258"
111041,"5010 Maryman Rd","Louisville","KY","40258"
111042,"8171 Blake Ln","Louisville","KY","40258"
111043,"5112 Maryman Rd","Louisville","KY","40258"
111044,"4914 Lila Ave","Louisville","KY","40258"
111045,"8003 Nancy Ln","Louisville","KY","40258"
111046,"5004 Lila Ave","Louisville","KY","40258"
111047,"4909 Oak Park Dr","Louisville","KY","40258"
111048,"8114 Nancy Ln","Louisville","KY","40258"
111049,"8013 N Blake Ln","Louisville","KY","40258"
111050,"5010 Paramount Dr","Louisville","KY","40258"
111051,"7816 Conifer Dr","Louisville","KY","40258"
111052,"7813 Conifer Dr","Louisville","KY","40258"
111053,"7716 Greta Ave","Louisville","KY","40258"
111054,"5000 Lila Ave","Louisville","KY","40258"
111055,"7813 Axtell Ave","Louisville","KY","40258"
111056,"8212 Nancy Ln","Louisville","KY","40258"
111057,"8101 Nancy Ln","Louisville","KY","40258"
111058,"4841 Maryman Rd","Louisville","KY","40258"
111059,"7800 Greta Ave","Louisville","KY","40258"
111060,"5103 W Pages Ln","Louisville","KY","40258"
111061,"8019 N Blake Ln","Louisville","KY","40258"
111062,"7902 Conifer Dr","Louisville","KY","40258"
111063,"8009 Nancy Ln","Louisville","KY","40258"
111064,"8006 Nancy Ln","Louisville","KY","40258"
111065,"8005 Nancy Ln","Louisville","KY","40258"
111066,"8000 Nancy Ln","Louisville","KY","40258"
111067,"4908 Paramount Dr","Louisville","KY","40258"
111068,"4918 Lila Ave","Louisville","KY","40258"
111069,"9202 Jefferson Ave","Louisville","KY","40291"
111070,"9307 Fernhill Dr","Louisville","KY","40291"
111071,"9209 Jefferson Ave","Louisville","KY","40291"
111072,"5919 Shelby St","Louisville","KY","40291"
111073,"9912 Williamsborough Ln","Louisville","KY","40291"
111074,"6500 Mossy Oaks Dr","Louisville","KY","40291"
111075,"9004 Ferndale Rd","Louisville","KY","40291"
111076,"9108 Kentucky Ave","Louisville","KY","40291"
111077,"6504 Mossy Oaks Dr","Louisville","KY","40291"
111078,"9301 Fern Creek Rd","Louisville","KY","40291"
111079,"9314 Fern Creek Rd","Louisville","KY","40291"
111080,"9306 Fernhill Dr","Louisville","KY","40291"
111081,"9310 Fern Creek Rd","Louisville","KY","40291"
111082,"9700 Williamsborough Ln","Louisville","KY","40291"
111083,"4318 Brownhurst Way","Louisville","KY","40241"
111084,"4519 Spring Bay Ct","Louisville","KY","40241"
111085,"4775 Shenandoah Dr","Louisville","KY","40241"
111086,"10600 Turf Ct","Louisville","KY","40241"
111087,"4300 Brownhurst Way","Louisville","KY","40241"
111088,"10409 Bay Pointe Cir","Louisville","KY","40241"
111089,"10105 Tulip Tree Dr","Louisville","KY","40241"
111090,"4403 Evershead Pl","Louisville","KY","40241"
111091,"4316 Brownhurst Way","Louisville","KY","40241"
111092,"5411 Antle Dr","Louisville","KY","40229"
111093,"10908 Altsheler Pl","Louisville","KY","40229"
111094,"5508 Antle Dr","Louisville","KY","40229"
111095,"10912 Altsheler Pl","Louisville","KY","40229"
111096,"5509 Gaskin Ct","Louisville","KY","40229"
111097,"11207 Pyramid Rd","Louisville","KY","40229"
111098,"5517 Antle Dr","Louisville","KY","40229"
111099,"5509 Antle Dr","Louisville","KY","40229"
111100,"5401 Hasbrook Dr","Louisville","KY","40229"
111101,"11208 Minford Ct","Louisville","KY","40229"
111102,"5421 Antle Dr","Louisville","KY","40229"
111103,"11006 Waycross Ave","Louisville","KY","40229"
111104,"5408 Antle Dr","Louisville","KY","40229"
111105,"5511 Antle Dr","Louisville","KY","40229"
111106,"10904 Altsheler Pl","Louisville","KY","40229"
111107,"6513 Delton Rd","Louisville","KY","40258"
111108,"6702 Sternbach Ct","Louisville","KY","40258"
111109,"6613 Delton Rd","Louisville","KY","40258"
111110,"7903 Kenhurst Dr","Louisville","KY","40258"
111111,"6715 Aron Rd","Louisville","KY","40258"
111112,"6606 Delton Rd","Louisville","KY","40258"
111113,"6803 Cindy Dr","Louisville","KY","40258"
111114,"6603 Delton Rd","Louisville","KY","40258"
111115,"6515 Delton Rd","Louisville","KY","40258"
111116,"8009 Kenhurst Dr","Louisville","KY","40258"
111117,"6609 Delton Rd","Louisville","KY","40258"
111118,"6115 Frey Dr","Louisville","KY","40219"
111119,"6116 Frey Dr","Louisville","KY","40219"
111120,"5121 Patterson Dr","Louisville","KY","40219"
111121,"6123 Athens Dr","Louisville","KY","40219"
111122,"5118 Frey Dr","Louisville","KY","40219"
111123,"4322 Retreat Rd","Louisville","KY","40219"
111124,"5107 Roederer Dr","Louisville","KY","40219"
111125,"5103 Braidwood Dr","Louisville","KY","40219"
111126,"3517 Hurstbourne Ridge Blvd","Louisville","KY","40299"
111127,"3024 Petty Jay Rd","Louisville","KY","40220"
111128,"3500 Hurstbourne Ridge Blvd","Louisville","KY","40299"
111129,"8100 Six Mile Ln","Louisville","KY","40220"
111130,"8023 Cloudcroft Ln","Louisville","KY","40220"
111131,"7811 Sunbury Ln","Louisville","KY","40220"
111132,"3536 Hurstbourne Ridge Blvd","Louisville","KY","40299"
111133,"3509 Brookhollow Dr","Louisville","KY","40220"
111134,"3017 Summerfield Dr","Louisville","KY","40220"
111135,"3527 Hurstbourne Ridge Blvd","Louisville","KY","40299"
111136,"3445 Hurstbourne Ridge Blvd","Louisville","KY","40299"
111137,"3546 Hurstbourne Ridge Blvd","Louisville","KY","40299"
111138,"3206 Brightside Ct","Louisville","KY","40220"
111139,"3408 Hurstbourne Ridge Blvd","Louisville","KY","40299"
111140,"2913 Summerfield Dr","Louisville","KY","40220"
111141,"8102 Cloudcroft Ln","Louisville","KY","40220"
111142,"3108 Summerfield Dr","Louisville","KY","40220"
111143,"9814 Mcneely Lake Dr","Louisville","KY","40229"
111144,"6304 Leisure Ln","Louisville","KY","40229"
111145,"6309 Price Lane Rd","Louisville","KY","40229"
111146,"6212 Hackberry Way","Louisville","KY","40229"
111147,"6306 Leisure Ln","Louisville","KY","40229"
111148,"9709 Mcneely Lake Dr","Louisville","KY","40229"
111149,"6210 Yellow Pine Dr","Louisville","KY","40229"
111150,"9700 Maple Rd","Louisville","KY","40229"
111151,"6301 Yellow Pine Dr","Louisville","KY","40229"
111152,"6029 Cooper Chapel Rd","Louisville","KY","40229"
111153,"6210 Hackberry Way","Louisville","KY","40229"
111154,"6120 Red Spruce Dr","Louisville","KY","40229"
111155,"6305 Yellow Pine Dr","Louisville","KY","40229"
111156,"6207 Yellow Pine Dr","Louisville","KY","40229"
111157,"6205 Red Spruce Dr","Louisville","KY","40229"
111158,"6512 Park Club Cir","Louisville","KY","40229"
111159,"9711 Mcneely Lake Dr","Louisville","KY","40229"
111160,"6209 Yellow Pine Dr","Louisville","KY","40229"
111161,"6407 Price Lane Rd","Louisville","KY","40229"
111162,"6300 Red Spruce Dr","Louisville","KY","40229"
111163,"6506 Park Club Cir","Louisville","KY","40229"
111164,"9516 Brady John Ct","Louisville","KY","40229"
111165,"6205 Price Lane Rd","Louisville","KY","40229"
111166,"9712 Mcneely Lake Dr","Louisville","KY","40229"
111167,"9514 Brady John Ct","Louisville","KY","40229"
111168,"9707 Lancewood Rd","Louisville","KY","40229"
111169,"9715 Mcneely Lake Dr","Louisville","KY","40229"
111170,"6500 Park Gate Ct","Louisville","KY","40229"
111171,"6304 Red Spruce Dr","Louisville","KY","40229"
111172,"6324 Hackberry Way","Louisville","KY","40229"
111173,"9617 Maple Rd","Louisville","KY","40229"
111174,"6316 Hackberry Way","Louisville","KY","40229"
111175,"9612 Lancewood Rd","Louisville","KY","40229"
111176,"6101 Cooper Chapel Rd","Louisville","KY","40229"
111177,"9615 Maple Rd","Louisville","KY","40229"
111178,"6200 Yellow Pine Dr","Louisville","KY","40229"
111179,"6510 Park Club Cir","Louisville","KY","40229"
111180,"6601 Price Lane Rd","Louisville","KY","40229"
111181,"6205 Hackberry Way","Louisville","KY","40229"
111182,"9515 Brady John Ct","Louisville","KY","40229"
111183,"6207 Price Lane Rd","Louisville","KY","40229"
111184,"9806 Mcneely Lake Dr","Louisville","KY","40229"
111185,"6206 Leisure Ln","Louisville","KY","40229"
111186,"9901 Mcneely Lake Dr","Louisville","KY","40229"
111187,"9618 Maple Rd","Louisville","KY","40229"
111188,"6502 Park Chase Ct","Louisville","KY","40229"
111189,"9517 Brady John Ct","Louisville","KY","40229"
111190,"6313 Red Spruce Dr","Louisville","KY","40229"
111191,"9801 Mcneely Lake Dr","Louisville","KY","40229"
111192,"6503 Park Chase Ct","Louisville","KY","40229"
111193,"6216 Hackberry Way","Louisville","KY","40229"
111194,"8701 Filson Fields Ct","Louisville","KY","40219"
111195,"8702 Filson Fields Ct","Louisville","KY","40219"
111196,"4602 Miles Ln","Louisville","KY","40219"
111197,"1125 S Chesley Dr","Louisville","KY","40219"
111198,"8931 Preston Hwy","Louisville","KY","40219"
111199,"1573 Raydale Dr","Louisville","KY","40219"
111200,"8914 Filson Fields Dr","Louisville","KY","40219"
111201,"11353 N Tazwell Dr","Louisville","KY","40241"
111202,"1000 Stone Spring Way","Louisville","KY","40223"
111203,"3311 Renwood Blvd","Louisville","KY","40214"
111204,"248 Chenoweth Ln","Apt 8","Louisville",
111205,"400 Echelon Way","Louisville","KY","40223"
111206,"136 Lawson Ln","Louisville","KY","40214"
111207,"8102 Four Winds Dr","Louisville","KY","40222"
111208,"7400 Steeplecrest Cir","Louisville","KY","40222"
111209,"800 S 4th St","Louisville","KY","40203"
111210,"7025 Bronner Cir","Louisville","KY","40218"
111211,"3424 Breckenridge Ln","Louisville","KY","40220"
111212,"1244 S 4th St","Louisville","KY","40203"
111213,"518 Iroquois Gardens Dr","Louisville","KY","40214"
111214,"201 Heritage Hill Trl","Louisville","KY","40223"
111215,"3130 Saint Anthony Gardens Dr","Louisville","KY","40214"
111216,"8000 Post Oak Pl","Louisville","KY","40222"
111217,"7716 Sundance Dr","Louisville","KY","40222"
111218,"3206 Abshire Ln","Louisville","KY","40220"
111219,"175 La Fontenay Dr","Louisville","KY","40223"
111220,"3237 Utah Ave","Louisville","KY","40215"
111221,"310 S Hancock St","Louisville","KY","40202"
111222,"407 Charlestown Ct","Louisville","KY","40243"
111223,"6408 Six Mile Ln","Louisville","KY","40218"
111224,"1031 Everett Ave","Louisville","KY","40204"
111225,"1214 Gilmore Ln","Louisville","KY","40213"
111226,"1106 Poplar Level Plz","Louisville","KY","40217"
111227,"6600 Outer Loop","Louisville","KY","40228"
111228,"3300 Aspen Valley Cir","Louisville","KY","40241"
111229,"514 Brightwood Pl","Louisville","KY","40207"
111230,"6003 Jo Danielle Pl","Louisville","KY","40291"
111231,"3309 River Chase Ct","Louisville","KY","40218"
111232,"1221 E Broadway","Louisville","KY","40204"
111233,"806 Granite Dr","Louisville","KY","40223"
111234,"203 Breckinridge Sq","Louisville","KY","40220"
111235,"4201 Simcoe Ln","Louisville","KY","40241"
111236,"333 Whispering Brook Dr","Louisville","KY","40229"
111237,"537 S 3rd St","Louisville","KY","40202"
111238,"1602 Clover St","Louisville","KY","40216"
111239,"8010 Summerfield Cir","Louisville","KY","40220"
111240,"1718 Bridgeview Ln","Louisville","KY","40242"
111241,"11803 Duane Point Cir","Louisville","KY","40243"
111242,"2201 Biljana Dr","Louisville","KY","40206"
111243,"8916 Marksfield Rd","Louisville","KY","40222"
111244,"6807 W Pages Ln","Louisville","KY","40258"
111245,"5319 Rangeland Rd","Louisville","KY","40219"
111246,"201 York St","Louisville","KY","40203"
111247,"6800 Steeprun Rd","Louisville","KY","40241"
111248,"9800 Willow Brook Cir","Louisville","KY","40223"
111249,"2153 Goldsmith Ln","Louisville","KY","40218"
111250,"3600 Spring Villa Cir","Louisville","KY","40245"
111251,"6100 Ledgewood Pkwy","Louisville","KY","40214"
111252,"1007 Lyndon Ln","Louisville","KY","40222"
111253,"633 E Main St","Louisville","KY","40202"
111254,"9500 Golders Green Cir","Louisville","KY","40229"
111255,"5201 Eagles Peak Way","Louisville","KY","40241"
111256,"303 Axis Dr","Louisville","KY","40206"
111257,"8117 Coppercreek Dr","Louisville","KY","40222"
111258,"11315 Breeze Cir","Louisville","KY","40272"
111259,"425 S Hubbards Ln","Louisville","KY","40207"
111260,"1967 Goldsmith Ln","Louisville","KY","40218"
111261,"200 W Liberty St","Louisville","KY","40202"
111262,"800 Minette Cir","Louisville","KY","40258"
111263,"2030 Frankfort Ave","Louisville","KY","40206"
111264,"1800 S 2nd St","Louisville","KY","40208"
111265,"250 Olde English Ct","Louisville","KY","40272"
111266,"8301 Doncaster Way","Louisville","KY","40222"
111267,"2041 Shady Grove Way","Louisville","KY","40218"
111268,"13516 Skywatch Ln","Louisville","KY","40245"
111269,"1359 S 3rd St","Apt 1","Louisville",
111270,"4705 Cofer Ave","Louisville","KY","40258"
111271,"1242 Cherokee Rd","Apt 3","Louisville",
111272,"5600 Chariot Run Dr","Louisville","KY","40272"
111273,"2109 Edgeland Ave","Apt 2","Louisville",
111274,"2014 Cherokee Pkwy","Apt F","Louisville",
111275,"2109 Edgeland Ave","Apt 7","Louisville",
111276,"1242 Cherokee Rd","Apt 1","Louisville",
111277,"1242 Cherokee Rd","Apt 8","Louisville",
111278,"1242 Cherokee Rd","Apt 6","Louisville",
111279,"2109 Edgeland Ave","Apt 5","Louisville",
111280,"1242 Cherokee Rd","Apt 5","Louisville",
111281,"2111 Eastern Pkwy","Apt 22","Louisville",
111282,"2014 Cherokee Pkwy","Apt D","Louisville",
111283,"2014 Cherokee Pkwy","Apt R","Louisville",
111284,"1407 S 3rd St","Louisville","KY","40208"
111285,"1514 S 3rd St","Louisville","KY","40208"
111286,"6209 Two Springs Ln","Louisville","KY","40207"
111287,"3419 Shanks Ln","Apt 6","Louisville",
111288,"3419 Shanks Ln","Apt 3","Louisville",
111289,"735 S 2nd St","Apt 225","Louisville",
111290,"735 S 2nd St","Apt 220","Louisville",
111291,"8 Colonial Oaks Ct","Apt 2","Louisville",
111292,"2601 Lindsay Ave","Apt K4","Louisville",
111293,"4918 Cawood Dr","Apt 2","Louisville",
111294,"4411 S 2nd St","Apt 4","Louisville",
111295,"34 Colonial Oaks Ct","Apt 2","Louisville",
111296,"4400 Coram Way","Apt 1","Louisville",
111297,"8828 Moody Rd","Louisville","KY","40219"
111298,"2915 Abigail Dr","Louisville","KY","40205"
111299,"1764 Frankfort Ave","Louisville","KY","40206"
111300,"12504-12506 Towne Park Way","Louisville","KY","40243"
111301,"2000 Peabody Ln","Apt 8","Louisville",
111302,"2500 W Oak St","Louisville","KY","40210"
111303,"1516 Norris Pl","Louisville","KY","40205"
111304,"1930 Peabody Ln","Apt 7","Louisville",
111305,"2025 Brownsboro Rd","Apt 115","Louisville",
111306,"2025 Brownsboro Rd","Apt 415","Louisville",
111307,"2025 Brownsboro Rd","Apt 315","Louisville",
111308,"2025 Brownsboro Rd","Apt 112","Louisville",
111309,"1612 W Market St","Apt 1","Louisville",
111310,"2089 Sherwood Ave","# 1","Louisville",
111311,"4703 Ferrer Way","Louisville","KY","40299"
111312,"218 Eric Ct","Louisville","KY","40219"
111313,"303 Eric Ct","Louisville","KY","40219"
111314,"619 S 44th St","Apt 1","Louisville",
111315,"3210 Hikes Ln","Louisville","KY","40220"
111316,"649 S 44th St","Apt 3","Louisville",
111317,"623 S 44th St","Apt 2","Louisville",
111318,"1524 S 2nd St","Apt 1","Louisville",
111319,"6800 Orange Blossom Rd","Louisville","KY","40219"
111320,"1224 Cherokee Rd","Apt 5","Louisville",
111321,"1657 Story Ave","Apt 1","Louisville",
111322,"1455 S 2nd St","Apt 2","Louisville",
111323,"1445 S 1st St","Apt 2","Louisville",
111324,"1714 Frankfort Ave","Louisville","KY","40206"
111325,"6517 Rod N Reel Ct","Louisville","KY","40229"
111326,"119 W Burnett Ave","Apt 4","Louisville",
111327,"647 1/2 S 44th St","Apt 2","Louisville",
111328,"1657 Story Ave","Apt 4","Louisville",
111329,"2140 Bonnycastle Ave","Apt 3D","Louisville",
111330,"2111 Eastern Pkwy","Apt 6","Louisville",
111331,"1308 Everett Ave","Apt 6","Louisville",
111332,"421 Winkler Ave","# 2","Louisville",
111333,"2013 Eastern Pkwy","Apt 1","Louisville",
111334,"1453 S 3rd St","Apt 21","Louisville",
111335,"2013 Eastern Pkwy","Apt 2","Louisville",
111336,"2013 Eastern Pkwy","Apt 3","Louisville",
111337,"1432 Rufer Ave","# 2","Louisville",
111338,"1327 Ellison Ave","Apt 8","Louisville",
111339,"336-A Wildwood Pl","Louisville","KY","40206"
111340,"1083 Cherokee Rd","Apt 2","Louisville",
111341,"1453 S 3rd St","Apt 1","Louisville",
111342,"315 W Hill St","Apt 203","Louisville",
111343,"2117 Eastern Pkwy","Louisville","KY","40204"
111344,"248 Kennedy Ave","Louisville","KY","40206"
111345,"2133 Sherwood Ave","Apt 1","Louisville",
111346,"4501 S 6th St","Louisville","KY","40214"
111347,"608 Eastern Pkwy","Apt 2","Louisville",
111348,"309 Ridgedale Rd","Apt 2","Louisville",
111349,"6502 Hackel Dr","Apt 6","Louisville",
111350,"2101 Cardinal Woods Dr","Louisville","KY","40214"
111351,"1475 S 3rd St","Apt 5","Louisville",
111352,"1475 S 3rd St","Apt 3","Louisville",
111353,"324 E Main St","Unit 307","Louisville",
111354,"2120 Douglass Blvd","Louisville","KY","40205"
111355,"1035 Cherokee Rd","Apt 3","Louisville",
111356,"902 Markham Ln","Louisville","KY","40207"
111357,"6619 Strawberry Ln","Louisville","KY","40214"
111358,"246 Chenoweth Ln","Apt 2","Louisville",
111359,"7514 Maria Ave","Louisville","KY","40222"
111360,"700 Landis Ridge Dr","Louisville","KY","40245"
111361,"3515 W Kentucky St","Louisville","KY","40211"
111362,"5506 Lodema Way","Apt 3","Louisville",
111363,"2242 Dundee Rd","Apt 106","Louisville",
111364,"3810 Carpenter Dr","Apt 2","Louisville",
111365,"9900 Merioneth Dr","Apt 12","Louisville",
111366,"9900 Merioneth Dr","Apt 8","Louisville",
111367,"1129 Willow Ave","Apt 2","Louisville",
111368,"2111 Eastern Pkwy","Apt 27","Louisville",
111369,"2111 Eastern Pkwy","Apt 14","Louisville",
111370,"1352 Cypress St","Louisville","KY","40211"
111371,"2111 Eastern Pkwy","Apt 11","Louisville",
111372,"1829 Edenside Ave","Apt 1","Louisville",
111373,"1721 Tempest Way","Apt 6","Louisville",
111374,"2091 Sherwood Ave","Apt 3","Louisville",
111375,"4807 Valla Rd","Louisville","KY","40213"
111376,"9232 Fern Creek Rd","Louisville","KY","40291"
111377,"409-415 Rosewood Ct","Louisville","KY","40223"
111378,"695 S 44th St","Unit 1","Louisville",
111379,"1321 Everett Ave","Apt A7","Louisville",
111380,"1829 Edenside Ave","Apt 8","Louisville",
111381,"3105 Springfield Dr","Apt 1","Louisville",
111382,"413 Rosewood Ct","Louisville","KY","40223"
111383,"2424 Glenmary Ave","Louisville","KY","40204"
111384,"3109 Springfield Dr","Apt 1","Louisville",
111385,"2134 Vernon Ct","Louisville","KY","40206"
111386,"2114 Vernon Ct","Louisville","KY","40206"
111387,"248 Kennedy Ave Unit A","Louisville","KY","40206"
111388,"1349 S Brook St","Apt 1","Louisville",
111389,"1000 Winkler Ave","Louisville","KY","40208"
111390,"911 Goss Ave","# 2","Louisville",
111391,"2901 Norbourne Way","Louisville","KY","40206"
111392,"2601 Lindsay Ave","Apt P6","Louisville",
111393,"315 Poplar Level Ct","Louisville","KY","40219"
111394,"2601 Lindsay Ave","Apt Q6","Louisville",
111395,"420 Poplar Level Ct","Louisville","KY","40219"
111396,"2601 Lindsay Ave","Apt I4","Louisville",
111397,"7235 Correll Place Dr","Louisville","KY","40228"
111398,"4309 Norbrook Dr","Apt 5","Louisville",
111399,"512 Dresden Ave","Louisville","KY","40215"
111400,"4315 Billtown Rd","Louisville","KY","40299"
111401,"4008 Southern Pkwy","Apt 2","Louisville",
111402,"1510 S 4th St","Apt 4","Louisville",
111403,"1122 Garvin Pl","Apt 115","Louisville",
111404,"2013 Eastern Pkwy","Apt 4","Louisville",
111405,"2013 Eastern Pkwy","Apt 5","Louisville",
111406,"2013 Eastern Pkwy","Apt 9","Louisville",
111407,"1906 Dorothy Ave","Apt 5","Louisville",
111408,"2111 Eastern Pkwy","Apt 25","Louisville",
111409,"79 Highwood Pl","Louisville","KY","40206"
111410,"918 S Shelby St","Apt 1","Louisville",
111411,"2013 Eastern Pkwy","Apt 8","Louisville",
111412,"2013 Eastern Pkwy","Apt 7","Louisville",
111413,"1023 Franklin St","Apt 2","Louisville",
111414,"4510 Landside Dr","Louisville","KY","40220"
111415,"1023 Franklin St","Apt 1","Louisville",
111416,"403 Poplar Level Ct","Louisville","KY","40219"
111417,"1300 Oakwood Ave","Apt 3","Louisville",
111418,"1200 Cherokee Rd","# 2","Louisville",
111419,"1125 Lincoln Ave","# 2","Louisville",
111420,"1013 Cherokee Rd","Louisville","KY","40204"
111421,"1327 Everett Ave","Apt B6","Louisville",
111422,"1209 Central Ave","Apt 3","Louisville",
111423,"2025 Brownsboro Rd","Apt 402","Louisville",
111424,"2025 Brownsboro Rd","Apt 219","Louisville",
111425,"1007 Brookline Ave","Apt 3","Louisville",
111426,"4402 Coram Way","Apt 1","Louisville",
111427,"2601 Lindsay Ave","Apt I1","Louisville",
111428,"2601 Lindsay Ave","Apt G2","Louisville",
111429,"1525 S 3rd St","Louisville","KY","40208"
111430,"1007 Brookline Ave","Apt 2","Louisville",
111431,"4131 Candor Ave","Louisville","KY","40216"
111432,"3514 Willis Ave","Apt 1","Louisville",
111433,"1411 Willow Ave","Apt 3","Louisville",
111434,"1614 S 3rd St","Louisville","KY","40208"
111435,"728 W Whitney Ave","Louisville","KY","40215"
111436,"5010 Fay Ave","Louisville","KY","40214"
111437,"4506 Landside Dr","Apt 9","Louisville",
111438,"4506 Landside Dr","Apt 1","Louisville",
111439,"3211 Grand Ave","Louisville","KY","40211"
111440,"1320 Barret Ave","Apt 4","Louisville",
111441,"3210-3216 Chinquapin Ln","Louisville","KY","40219"
111442,"1327 Everett Ave","Apt B2","Louisville",
111443,"4204 Breckenridge Ln","Louisville","KY","40218"
111444,"2549 Glenmary Ave","Apt 3","Louisville",
111445,"1327 Ellison Ave","Apt 3","Louisville",
111446,"114 N Ewing Ave","Unit 2","Louisville",
111447,"2466 Glenmary Ave","Apt 2","Louisville",
111448,"10333 Timberwood Cir","Louisville","KY","40223"
111449,"1038 Brent St","Unit 100","Louisville",
111450,"1713 Washington Blvd","Louisville","KY","40242"
111451,"4400 Belrad Dr","Apt 4","Louisville",
111452,"1829 Edenside Ave","Apt 3","Louisville",
111453,"2011 Woodbourne Ave","Apt 2","Louisville",
111454,"4300 Norbrook Dr","Apt 223","Louisville",
111455,"305 W Broadway","Louisville","KY","40202"
111456,"1224 Cherokee Rd","Apt 1","Louisville",
111457,"1606 Lucia Ave","Apt 9","Louisville",
111458,"1606 Lucia Ave","Apt 15","Louisville",
111459,"1224 Cherokee Rd","Apt 6","Louisville",
111460,"1510 S 4th St","Apt 2","Louisville",
111461,"1606 Lucia Ave","Apt 16","Louisville",
111462,"407 Rosewood Ct","Louisville","KY","40223"
111463,"2020 Peabody Ln","Apt 16","Louisville",
111464,"1606 Lucia Ave","Apt 3","Louisville",
111465,"1853 Bank St","Louisville","KY","40203"
111466,"2513 Dixie Hwy","Apt 2","Louisville",
111467,"1724 Tempest Way","Apt 24","Louisville",
111468,"2200 Speed Ave","Apt C1","Louisville",
111469,"115 W Adair St","Apt 1","Louisville",
111470,"417 Poplar Level Ct","Louisville","KY","40219"
111471,"415 Rosewood Ct","Louisville","KY","40223"
111472,"1838 Bardstown Rd","Louisville","KY","40205"
111473,"4411 Kern Ct","Apt 1","Louisville",
111474,"1204 Bardstown Rd","Louisville","KY","40204"
111475,"6 Colonial Oaks Ct","Apt 1","Louisville",
111476,"1210 Everett Ave","# 2","Louisville",
111477,"1122 Garvin Pl","Apt 215","Louisville",
111478,"4300 Norbrook Dr","Apt 205","Louisville",
111479,"1147 E Kentucky St","Louisville","KY","40204"
111480,"2520 S 3rd St","Louisville","KY","40208"
111481,"735 S 2nd St","Apt 307","Louisville",
111482,"2121 Vernon Ct","Louisville","KY","40206"
111483,"1321 Everett Ave","Apt A4","Louisville",
111484,"1312 Barret Ave","Apt 2","Louisville",
111485,"1530 S 2nd St","Apt 6","Louisville",
111486,"2138 Vernon Ct","Louisville","KY","40206"
111487,"2025 Brownsboro Rd","Apt 117","Louisville",
111488,"4012 Southern Pkwy","Apt 9","Louisville",
111489,"619 S 44th St","Apt 4","Louisville",
111490,"649 S 44th St","Apt 4","Louisville",
111491,"823 S 2nd St","Apt 2","Louisville",
111492,"7300 And 7310 Southside Dr","Louisville","KY","40214"
111493,"2079 Douglass Blvd","Louisville","KY","40205"
111494,"530 Lilly Ave","Louisville","KY","40217"
111495,"1240 Gilmore Ln","Louisville","KY","40213"
111496,"4408 Belrad Dr","Apt 1","Louisville",
111497,"1606 Lucia Ave","Apt 1","Louisville",
111498,"4860 Fegenbush Ln","Apt 4","Louisville",
111499,"1009 Brookline Ave","Apt 1","Louisville",
111500,"1523 Christy Ave","Louisville","KY","40204"
111501,"620 Eastern Pkwy","Apt 3","Louisville",
111502,"823 S 2nd St","Apt 4","Louisville",
111503,"823 S 2nd St","Apt 3","Louisville",
111504,"1457 S 2nd St","Apt 2","Louisville",
111505,"1524 S 2nd St","Apt 4","Louisville",
111506,"1083 Cherokee Rd","Apt 4","Louisville",
111507,"2600 Le Blanc Ct","Louisville","KY","40206"
111508,"1291 Willow Ave","Apt 3","Louisville",
111509,"4204 Browns Ln","Unit 201","Louisville",
111510,"4100 Candor Ave","Louisville","KY","40216"
111511,"2432 Glenmary Ave","Apt A2","Louisville",
111512,"817 Rubel Ave","Louisville","KY","40204"
111513,"1464 Brick Aly","Louisville","KY","40217"
111514,"1251 S Brook St","Apt 15","Louisville",
111515,"2601 Lindsay Ave","Apt O6","Louisville",
111516,"2601 Lindsay Ave","Apt F3","Louisville",
111517,"1412 Highland Ave","Apt 1","Louisville",
111518,"2356 Grinstead Dr","Apt 17","Louisville",
111519,"422 Belgravia Ct","Apt 2","Louisville",
111520,"4311 Norbrook Dr","Apt 2","Louisville",
111521,"2106 Douglass Blvd","Unit 2","Louisville",
111522,"1762 Frankfort Ave","Apt 1","Louisville",
111523,"1308 Everett Ave","Apt 5","Louisville",
111524,"3410 Shagbark Rd","Apt 20","Louisville",
111525,"3410 Shagbark Rd","Apt 18","Louisville",
111526,"1827 Payne St","Louisville","KY","40206"
111527,"1411 Willow Ave","Apt 5","Louisville",
111528,"2013 Eastern Pkwy","Apt 11","Louisville",
111529,"195 Bucky Burton Dr","Louisville","KY","40229"
111530,"1359 S 3rd St","Louisville","KY","40208"
111531,"2201 Alta Ave","Apt 1","Louisville",
111532,"1045 S 6th St","Louisville","KY","40203"
111533,"2129 Vernon Ct","Louisville","KY","40206"
111534,"1242 Cherokee Rd","Apt 4","Louisville",
111535,"1934 Frankfort Ave","Apt 2","Louisville",
111536,"405 Christian Village Cir","Unit 203","Louisville",
111537,"405 Christian Village Cir","Unit 104","Louisville",
111538,"4410 Belrad Dr","Apt 1","Louisville",
111539,"4300 Newport Rd","Apt 3","Louisville",
111540,"2358 Grinstead Dr","Apt 48","Louisville",
111541,"709 E Washington St","Unit 1","Louisville",
111542,"2356 Grinstead Dr","Apt 24","Louisville",
111543,"709 E Washington St","Unit 2","Louisville",
111544,"1359 S 3rd St","Apt 3","Louisville",
111545,"2515 Dixie Hwy","Apt 4","Louisville",
111546,"6003 Shean Ct","Louisville","KY","40291"
111547,"2310 Dorothy Ave","Apt 3","Louisville",
111548,"5704 Revere Pl","Apt 201","Louisville",
111549,"210 Browns Ln","Apt 1","Louisville",
111550,"13634 Pinnacle Gardens Cir","Louisville","KY","40245"
111551,"1708 Valley Forge Way","Apt 4","Louisville",
111552,"1834 Appleton Ln","Apt 100","Louisville",
111553,"1480 S 3rd St","Unit B2","Louisville",
111554,"1321 Everett Ave","Apt A6","Louisville",
111555,"2242 Dundee Rd","Apt 104","Louisville",
111556,"4109 Quiet Way","Louisville","KY","40219"
111557,"2113 Vernon Ct","Louisville","KY","40206"
111558,"1365 S Brook St","Apt 2","Louisville",
111559,"4300 Norbrook Dr","Apt 122","Louisville",
111560,"248 Chenoweth Ln","Apt 1","Louisville",
111561,"1327 Ellison Ave","Apt 5","Louisville",
111562,"2121 Walnut Pl","Apt 1","Louisville",
111563,"4402 Belrad Dr","Apt 1","Louisville",
111564,"9000 Jessica Leigh Dr","Louisville","KY","40228"
111565,"4300 Newport Rd","Apt 4","Louisville",
111566,"2601 Lindsay Ave","Apt Q3","Louisville",
111567,"1320 Barret Ave","Apt 5","Louisville",
